chapter_num,chapter_title,heading_level,title,url
0,INTRODUCTION,2,Who Is This Book For?,https://automatetheboringstuff.com/3e/chapter0.html#calibre_link-1378
0,INTRODUCTION,2,Coding Conventions Used in This Book,https://automatetheboringstuff.com/3e/chapter0.html#calibre_link-1379
0,INTRODUCTION,2,What Is Programming?,https://automatetheboringstuff.com/3e/chapter0.html#calibre_link-1381
0,INTRODUCTION,2,What Is Python?,https://automatetheboringstuff.com/3e/chapter0.html#calibre_link-1383
0,INTRODUCTION,2,Common Myths About Programming,https://automatetheboringstuff.com/3e/chapter0.html#calibre_link-1385
0,INTRODUCTION,3,Programmers Don’t Need to Know Much Math,https://automatetheboringstuff.com/3e/chapter0.html#calibre_link-1386
0,INTRODUCTION,3,You Are Not Too Old to Learn Programming,https://automatetheboringstuff.com/3e/chapter0.html#calibre_link-1388
0,INTRODUCTION,3,AI Won’t Replace Programmers,https://automatetheboringstuff.com/3e/chapter0.html#calibre_link-1390
0,INTRODUCTION,2,About This Book,https://automatetheboringstuff.com/3e/chapter0.html#calibre_link-1391
0,INTRODUCTION,2,Downloading and Installing Python,https://automatetheboringstuff.com/3e/chapter0.html#calibre_link-1393
0,INTRODUCTION,2,Downloading and Installing Mu,https://automatetheboringstuff.com/3e/chapter0.html#calibre_link-1394
0,INTRODUCTION,2,Starting Mu,https://automatetheboringstuff.com/3e/chapter0.html#calibre_link-1395
0,INTRODUCTION,2,Starting IDLE,https://automatetheboringstuff.com/3e/chapter0.html#calibre_link-1396
0,INTRODUCTION,2,The Interactive Shell,https://automatetheboringstuff.com/3e/chapter0.html#calibre_link-1397
0,INTRODUCTION,2,How to Find Help,https://automatetheboringstuff.com/3e/chapter0.html#calibre_link-1398
0,INTRODUCTION,2,Asking Smart Programming Questions,https://automatetheboringstuff.com/3e/chapter0.html#calibre_link-1400
0,INTRODUCTION,2,New to the Third Edition,https://automatetheboringstuff.com/3e/chapter0.html#calibre_link-1402
0,INTRODUCTION,2,Summary,https://automatetheboringstuff.com/3e/chapter0.html#calibre_link-1404
1,1 PYTHON BASICS,2,1 PYTHON BASICS,https://automatetheboringstuff.com/3e/chapter1.html#calibre_link-1406
1,1 PYTHON BASICS,3,Entering Expressions into the Interactive Shell,https://automatetheboringstuff.com/3e/chapter1.html#calibre_link-1407
1,1 PYTHON BASICS,3,"The Integer, Floating-Point, and String Data Types",https://automatetheboringstuff.com/3e/chapter1.html#calibre_link-1409
1,1 PYTHON BASICS,3,String Concatenation and Replication,https://automatetheboringstuff.com/3e/chapter1.html#calibre_link-1410
1,1 PYTHON BASICS,3,Storing Values in Variables,https://automatetheboringstuff.com/3e/chapter1.html#calibre_link-1411
1,1 PYTHON BASICS,4,Assignment Statements,https://automatetheboringstuff.com/3e/chapter1.html#calibre_link-1412
1,1 PYTHON BASICS,4,Variable Names,https://automatetheboringstuff.com/3e/chapter1.html#calibre_link-1413
1,1 PYTHON BASICS,3,Your First Program,https://automatetheboringstuff.com/3e/chapter1.html#calibre_link-1415
1,1 PYTHON BASICS,3,Dissecting the Program,https://automatetheboringstuff.com/3e/chapter1.html#calibre_link-1416
1,1 PYTHON BASICS,4,Comments,https://automatetheboringstuff.com/3e/chapter1.html#calibre_link-1417
1,1 PYTHON BASICS,4,The print() Function,https://automatetheboringstuff.com/3e/chapter1.html#calibre_link-1418
1,1 PYTHON BASICS,4,The input() Function,https://automatetheboringstuff.com/3e/chapter1.html#calibre_link-1419
1,1 PYTHON BASICS,4,The Greeting Message,https://automatetheboringstuff.com/3e/chapter1.html#calibre_link-1421
1,1 PYTHON BASICS,4,The len() Function,https://automatetheboringstuff.com/3e/chapter1.html#calibre_link-1422
1,1 PYTHON BASICS,4,"The str(), int(), and float() Functions",https://automatetheboringstuff.com/3e/chapter1.html#calibre_link-1423
1,1 PYTHON BASICS,4,The type() Function,https://automatetheboringstuff.com/3e/chapter1.html#calibre_link-1425
1,1 PYTHON BASICS,4,The round() and abs() Functions,https://automatetheboringstuff.com/3e/chapter1.html#calibre_link-1426
1,1 PYTHON BASICS,3,How Computers Store Data with Binary Numbers,https://automatetheboringstuff.com/3e/chapter1.html#calibre_link-1427
1,1 PYTHON BASICS,3,Summary,https://automatetheboringstuff.com/3e/chapter1.html#calibre_link-1428
1,1 PYTHON BASICS,3,Practice Questions,https://automatetheboringstuff.com/3e/chapter1.html#calibre_link-1430
2,2 IF-ELSE AND FLOW CONTROL,2,2 IF-ELSE AND FLOW CONTROL,https://automatetheboringstuff.com/3e/chapter2.html#calibre_link-1433
2,2 IF-ELSE AND FLOW CONTROL,3,Boolean Values,https://automatetheboringstuff.com/3e/chapter2.html#calibre_link-1434
2,2 IF-ELSE AND FLOW CONTROL,3,Comparison Operators,https://automatetheboringstuff.com/3e/chapter2.html#calibre_link-1435
2,2 IF-ELSE AND FLOW CONTROL,3,Boolean Operators,https://automatetheboringstuff.com/3e/chapter2.html#calibre_link-1437
2,2 IF-ELSE AND FLOW CONTROL,3,Mixing Boolean and Comparison Operators,https://automatetheboringstuff.com/3e/chapter2.html#calibre_link-1438
2,2 IF-ELSE AND FLOW CONTROL,3,Components of Flow Control,https://automatetheboringstuff.com/3e/chapter2.html#calibre_link-1439
2,2 IF-ELSE AND FLOW CONTROL,4,Conditions,https://automatetheboringstuff.com/3e/chapter2.html#calibre_link-1440
2,2 IF-ELSE AND FLOW CONTROL,4,Blocks of Code,https://automatetheboringstuff.com/3e/chapter2.html#calibre_link-1441
2,2 IF-ELSE AND FLOW CONTROL,4,Program Execution,https://automatetheboringstuff.com/3e/chapter2.html#calibre_link-1442
2,2 IF-ELSE AND FLOW CONTROL,3,Flow Control Statements,https://automatetheboringstuff.com/3e/chapter2.html#calibre_link-1443
2,2 IF-ELSE AND FLOW CONTROL,4,if,https://automatetheboringstuff.com/3e/chapter2.html#calibre_link-1444
2,2 IF-ELSE AND FLOW CONTROL,4,else,https://automatetheboringstuff.com/3e/chapter2.html#calibre_link-1445
2,2 IF-ELSE AND FLOW CONTROL,4,elif,https://automatetheboringstuff.com/3e/chapter2.html#calibre_link-1446
2,2 IF-ELSE AND FLOW CONTROL,3,A Short Program: Opposite Day,https://automatetheboringstuff.com/3e/chapter2.html#calibre_link-1450
2,2 IF-ELSE AND FLOW CONTROL,3,A Short Program: Dishonest Capacity Calculator,https://automatetheboringstuff.com/3e/chapter2.html#calibre_link-1451
2,2 IF-ELSE AND FLOW CONTROL,3,Summary,https://automatetheboringstuff.com/3e/chapter2.html#calibre_link-1452
2,2 IF-ELSE AND FLOW CONTROL,3,Practice Questions,https://automatetheboringstuff.com/3e/chapter2.html#calibre_link-1453
3,3 LOOPS,2,3 LOOPS,https://automatetheboringstuff.com/3e/chapter3.html#calibre_link-1455
3,3 LOOPS,3,while Loop Statements,https://automatetheboringstuff.com/3e/chapter3.html#calibre_link-1456
3,3 LOOPS,4,An Annoying while Loop,https://automatetheboringstuff.com/3e/chapter3.html#calibre_link-1459
3,3 LOOPS,4,break Statements,https://automatetheboringstuff.com/3e/chapter3.html#calibre_link-1461
3,3 LOOPS,4,continue Statements,https://automatetheboringstuff.com/3e/chapter3.html#calibre_link-1462
3,3 LOOPS,3,for Loops and the range() Function,https://automatetheboringstuff.com/3e/chapter3.html#calibre_link-1466
3,3 LOOPS,4,An Equivalent while Loop,https://automatetheboringstuff.com/3e/chapter3.html#calibre_link-1468
3,3 LOOPS,4,Arguments to range(),https://automatetheboringstuff.com/3e/chapter3.html#calibre_link-1469
3,3 LOOPS,3,Importing Modules,https://automatetheboringstuff.com/3e/chapter3.html#calibre_link-1470
3,3 LOOPS,3,Ending a Program Early with sys.exit(),https://automatetheboringstuff.com/3e/chapter3.html#calibre_link-1472
3,3 LOOPS,3,A Short Program: Guess the Number,https://automatetheboringstuff.com/3e/chapter3.html#calibre_link-1473
3,3 LOOPS,3,"A Short Program: Rock, Paper, Scissors",https://automatetheboringstuff.com/3e/chapter3.html#calibre_link-1474
3,3 LOOPS,3,Summary,https://automatetheboringstuff.com/3e/chapter3.html#calibre_link-1477
3,3 LOOPS,3,Practice Questions,https://automatetheboringstuff.com/3e/chapter3.html#calibre_link-1478
4,4 FUNCTIONS,2,4 FUNCTIONS,https://automatetheboringstuff.com/3e/chapter4.html#calibre_link-1480
4,4 FUNCTIONS,3,Creating Functions,https://automatetheboringstuff.com/3e/chapter4.html#calibre_link-1481
4,4 FUNCTIONS,3,Arguments and Parameters,https://automatetheboringstuff.com/3e/chapter4.html#calibre_link-1482
4,4 FUNCTIONS,3,Return Values and return Statements,https://automatetheboringstuff.com/3e/chapter4.html#calibre_link-1483
4,4 FUNCTIONS,3,The None Value,https://automatetheboringstuff.com/3e/chapter4.html#calibre_link-1484
4,4 FUNCTIONS,3,Named Parameters,https://automatetheboringstuff.com/3e/chapter4.html#calibre_link-1485
4,4 FUNCTIONS,3,The Call Stack,https://automatetheboringstuff.com/3e/chapter4.html#calibre_link-1486
4,4 FUNCTIONS,3,Local and Global Scopes,https://automatetheboringstuff.com/3e/chapter4.html#calibre_link-1488
4,4 FUNCTIONS,4,Scope Rules,https://automatetheboringstuff.com/3e/chapter4.html#calibre_link-1489
4,4 FUNCTIONS,5,Code That Is in the Global Scope Can’t Use Local Variables,https://automatetheboringstuff.com/3e/chapter4.html#calibre_link-1491
4,4 FUNCTIONS,5,Code That Is in a Local Scope Can’t Use Variables in Other Local Scopes,https://automatetheboringstuff.com/3e/chapter4.html#calibre_link-1492
4,4 FUNCTIONS,5,Code That Is in a Local Scope Can Use Global Variables,https://automatetheboringstuff.com/3e/chapter4.html#calibre_link-1493
4,4 FUNCTIONS,5,Local and Global Variables Can Have the Same Name,https://automatetheboringstuff.com/3e/chapter4.html#calibre_link-1494
4,4 FUNCTIONS,4,The global Statement,https://automatetheboringstuff.com/3e/chapter4.html#calibre_link-1495
4,4 FUNCTIONS,4,Scope Identification,https://automatetheboringstuff.com/3e/chapter4.html#calibre_link-1496
4,4 FUNCTIONS,3,Exception Handling,https://automatetheboringstuff.com/3e/chapter4.html#calibre_link-1498
4,4 FUNCTIONS,3,A Short Program: Zigzag,https://automatetheboringstuff.com/3e/chapter4.html#calibre_link-1500
4,4 FUNCTIONS,3,A Short Program: Spike,https://automatetheboringstuff.com/3e/chapter4.html#calibre_link-1501
4,4 FUNCTIONS,3,Summary,https://automatetheboringstuff.com/3e/chapter4.html#calibre_link-1502
4,4 FUNCTIONS,3,Practice Questions,https://automatetheboringstuff.com/3e/chapter4.html#calibre_link-1504
4,4 FUNCTIONS,3,Practice Programs,https://automatetheboringstuff.com/3e/chapter4.html#calibre_link-1505
4,4 FUNCTIONS,4,The Collatz Sequence,https://automatetheboringstuff.com/3e/chapter4.html#calibre_link-1506
4,4 FUNCTIONS,4,Input Validation,https://automatetheboringstuff.com/3e/chapter4.html#calibre_link-1507
5,5 DEBUGGING,2,5 DEBUGGING,https://automatetheboringstuff.com/3e/chapter5.html#calibre_link-1509
5,5 DEBUGGING,3,Raising Exceptions,https://automatetheboringstuff.com/3e/chapter5.html#calibre_link-1510
5,5 DEBUGGING,3,Assertions,https://automatetheboringstuff.com/3e/chapter5.html#calibre_link-1511
5,5 DEBUGGING,3,Logging,https://automatetheboringstuff.com/3e/chapter5.html#calibre_link-1512
5,5 DEBUGGING,4,The logging Module,https://automatetheboringstuff.com/3e/chapter5.html#calibre_link-1513
5,5 DEBUGGING,4,Logfiles,https://automatetheboringstuff.com/3e/chapter5.html#calibre_link-1514
5,5 DEBUGGING,4,A Poor Practice: Debugging with print(),https://automatetheboringstuff.com/3e/chapter5.html#calibre_link-1515
5,5 DEBUGGING,4,Logging Levels,https://automatetheboringstuff.com/3e/chapter5.html#calibre_link-1516
5,5 DEBUGGING,4,Disabled Logging,https://automatetheboringstuff.com/3e/chapter5.html#calibre_link-1518
5,5 DEBUGGING,3,Mu’s Debugger,https://automatetheboringstuff.com/3e/chapter5.html#calibre_link-1519
5,5 DEBUGGING,4,Debugging an Addition Program,https://automatetheboringstuff.com/3e/chapter5.html#calibre_link-1520
5,5 DEBUGGING,4,Setting Breakpoints,https://automatetheboringstuff.com/3e/chapter5.html#calibre_link-1522
5,5 DEBUGGING,3,Summary,https://automatetheboringstuff.com/3e/chapter5.html#calibre_link-1524
5,5 DEBUGGING,3,Practice Questions,https://automatetheboringstuff.com/3e/chapter5.html#calibre_link-1525
5,5 DEBUGGING,3,Practice Program: Debugging Coin Toss,https://automatetheboringstuff.com/3e/chapter5.html#calibre_link-1526
6,6 LISTS,2,6 LISTS,https://automatetheboringstuff.com/3e/chapter6.html#calibre_link-1528
6,6 LISTS,3,The List Data Type,https://automatetheboringstuff.com/3e/chapter6.html#calibre_link-1529
6,6 LISTS,4,Indexes,https://automatetheboringstuff.com/3e/chapter6.html#calibre_link-1530
6,6 LISTS,4,Negative Indexes,https://automatetheboringstuff.com/3e/chapter6.html#calibre_link-1531
6,6 LISTS,4,Slices,https://automatetheboringstuff.com/3e/chapter6.html#calibre_link-1532
6,6 LISTS,4,The len() Function,https://automatetheboringstuff.com/3e/chapter6.html#calibre_link-1533
6,6 LISTS,4,Value Updates,https://automatetheboringstuff.com/3e/chapter6.html#calibre_link-1534
6,6 LISTS,4,Concatenation and Replication,https://automatetheboringstuff.com/3e/chapter6.html#calibre_link-1535
6,6 LISTS,4,del Statements,https://automatetheboringstuff.com/3e/chapter6.html#calibre_link-1536
6,6 LISTS,3,Working with Lists,https://automatetheboringstuff.com/3e/chapter6.html#calibre_link-1537
6,6 LISTS,4,for Loops and Lists,https://automatetheboringstuff.com/3e/chapter6.html#calibre_link-1538
6,6 LISTS,4,The in and not in Operators,https://automatetheboringstuff.com/3e/chapter6.html#calibre_link-1539
6,6 LISTS,4,The Multiple Assignment Trick,https://automatetheboringstuff.com/3e/chapter6.html#calibre_link-1540
6,6 LISTS,4,List Item Enumeration,https://automatetheboringstuff.com/3e/chapter6.html#calibre_link-1541
6,6 LISTS,4,Random Selection and Ordering,https://automatetheboringstuff.com/3e/chapter6.html#calibre_link-1542
6,6 LISTS,3,Augmented Assignment Operators,https://automatetheboringstuff.com/3e/chapter6.html#calibre_link-1543
6,6 LISTS,3,Methods,https://automatetheboringstuff.com/3e/chapter6.html#calibre_link-1544
6,6 LISTS,4,Finding Values,https://automatetheboringstuff.com/3e/chapter6.html#calibre_link-1545
6,6 LISTS,4,Adding Values,https://automatetheboringstuff.com/3e/chapter6.html#calibre_link-1546
6,6 LISTS,4,Removing Values,https://automatetheboringstuff.com/3e/chapter6.html#calibre_link-1547
6,6 LISTS,4,Sorting Values,https://automatetheboringstuff.com/3e/chapter6.html#calibre_link-1548
6,6 LISTS,4,Reversing Values,https://automatetheboringstuff.com/3e/chapter6.html#calibre_link-1549
6,6 LISTS,3,Short-Circuiting Boolean Operators,https://automatetheboringstuff.com/3e/chapter6.html#calibre_link-1551
6,6 LISTS,3,A Short Program: Magic 8 Ball with a List,https://automatetheboringstuff.com/3e/chapter6.html#calibre_link-1552
6,6 LISTS,3,Sequence Data Types,https://automatetheboringstuff.com/3e/chapter6.html#calibre_link-1553
6,6 LISTS,4,Mutable and Immutable Data Types,https://automatetheboringstuff.com/3e/chapter6.html#calibre_link-1554
6,6 LISTS,4,The Tuple Data Type,https://automatetheboringstuff.com/3e/chapter6.html#calibre_link-1555
6,6 LISTS,4,List and Tuple Type Conversion,https://automatetheboringstuff.com/3e/chapter6.html#calibre_link-1556
6,6 LISTS,3,References,https://automatetheboringstuff.com/3e/chapter6.html#calibre_link-1557
6,6 LISTS,4,Arguments,https://automatetheboringstuff.com/3e/chapter6.html#calibre_link-1558
6,6 LISTS,4,The copy() and deepcopy() Functions,https://automatetheboringstuff.com/3e/chapter6.html#calibre_link-1559
6,6 LISTS,3,A Short Program: The Matrix Screensaver,https://automatetheboringstuff.com/3e/chapter6.html#calibre_link-1560
6,6 LISTS,3,Summary,https://automatetheboringstuff.com/3e/chapter6.html#calibre_link-1561
6,6 LISTS,3,Practice Questions,https://automatetheboringstuff.com/3e/chapter6.html#calibre_link-1562
6,6 LISTS,3,Practice Programs,https://automatetheboringstuff.com/3e/chapter6.html#calibre_link-1563
6,6 LISTS,4,Comma Code,https://automatetheboringstuff.com/3e/chapter6.html#calibre_link-1564
6,6 LISTS,4,Coin Flip Streaks,https://automatetheboringstuff.com/3e/chapter6.html#calibre_link-1565
7,7 DICTIONARIES AND STRUCTURING DATA,2,7 DICTIONARIES AND STRUCTURING DATA,https://automatetheboringstuff.com/3e/chapter7.html#calibre_link-1566
7,7 DICTIONARIES AND STRUCTURING DATA,3,The Dictionary Data Type,https://automatetheboringstuff.com/3e/chapter7.html#calibre_link-1567
7,7 DICTIONARIES AND STRUCTURING DATA,4,Comparing Dictionaries and Lists,https://automatetheboringstuff.com/3e/chapter7.html#calibre_link-1568
7,7 DICTIONARIES AND STRUCTURING DATA,4,Returning Keys and Values,https://automatetheboringstuff.com/3e/chapter7.html#calibre_link-1569
7,7 DICTIONARIES AND STRUCTURING DATA,4,Checking Whether a Key Exists,https://automatetheboringstuff.com/3e/chapter7.html#calibre_link-1570
7,7 DICTIONARIES AND STRUCTURING DATA,4,Setting Default Values,https://automatetheboringstuff.com/3e/chapter7.html#calibre_link-1571
7,7 DICTIONARIES AND STRUCTURING DATA,3,Model Real-World Things Using Data Structures,https://automatetheboringstuff.com/3e/chapter7.html#calibre_link-1572
7,7 DICTIONARIES AND STRUCTURING DATA,4,Step 1: Set Up the Program,https://automatetheboringstuff.com/3e/chapter7.html#calibre_link-1574
7,7 DICTIONARIES AND STRUCTURING DATA,4,Step 2: Create a Chessboard Template,https://automatetheboringstuff.com/3e/chapter7.html#calibre_link-1575
7,7 DICTIONARIES AND STRUCTURING DATA,4,Step 3: Print the Current Chessboard,https://automatetheboringstuff.com/3e/chapter7.html#calibre_link-1576
7,7 DICTIONARIES AND STRUCTURING DATA,4,Step 4: Manipulate the Chessboard,https://automatetheboringstuff.com/3e/chapter7.html#calibre_link-1579
7,7 DICTIONARIES AND STRUCTURING DATA,3,Nested Dictionaries and Lists,https://automatetheboringstuff.com/3e/chapter7.html#calibre_link-1581
7,7 DICTIONARIES AND STRUCTURING DATA,3,Summary,https://automatetheboringstuff.com/3e/chapter7.html#calibre_link-1583
7,7 DICTIONARIES AND STRUCTURING DATA,3,Practice Questions,https://automatetheboringstuff.com/3e/chapter7.html#calibre_link-1584
7,7 DICTIONARIES AND STRUCTURING DATA,3,Practice Programs,https://automatetheboringstuff.com/3e/chapter7.html#calibre_link-1585
7,7 DICTIONARIES AND STRUCTURING DATA,4,Chess Dictionary Validator,https://automatetheboringstuff.com/3e/chapter7.html#calibre_link-1586
7,7 DICTIONARIES AND STRUCTURING DATA,4,Fantasy Game Inventory,https://automatetheboringstuff.com/3e/chapter7.html#calibre_link-1587
7,7 DICTIONARIES AND STRUCTURING DATA,4,List-to-Dictionary Loot Conversion,https://automatetheboringstuff.com/3e/chapter7.html#calibre_link-1588
8,8 STRINGS AND TEXT EDITING,2,8 STRINGS AND TEXT EDITING,https://automatetheboringstuff.com/3e/chapter8.html#calibre_link-1590
8,8 STRINGS AND TEXT EDITING,3,Working with Strings,https://automatetheboringstuff.com/3e/chapter8.html#calibre_link-1591
8,8 STRINGS AND TEXT EDITING,4,String Literals,https://automatetheboringstuff.com/3e/chapter8.html#calibre_link-1592
8,8 STRINGS AND TEXT EDITING,5,Double Quotes,https://automatetheboringstuff.com/3e/chapter8.html#calibre_link-1593
8,8 STRINGS AND TEXT EDITING,5,Escape Sequences,https://automatetheboringstuff.com/3e/chapter8.html#calibre_link-1594
8,8 STRINGS AND TEXT EDITING,5,Raw Strings,https://automatetheboringstuff.com/3e/chapter8.html#calibre_link-1595
8,8 STRINGS AND TEXT EDITING,5,Multiline Strings,https://automatetheboringstuff.com/3e/chapter8.html#calibre_link-1596
8,8 STRINGS AND TEXT EDITING,5,Multiline Comments,https://automatetheboringstuff.com/3e/chapter8.html#calibre_link-1597
8,8 STRINGS AND TEXT EDITING,4,Indexes and Slices,https://automatetheboringstuff.com/3e/chapter8.html#calibre_link-1598
8,8 STRINGS AND TEXT EDITING,4,The in and not in Operators,https://automatetheboringstuff.com/3e/chapter8.html#calibre_link-1599
8,8 STRINGS AND TEXT EDITING,3,F-Strings,https://automatetheboringstuff.com/3e/chapter8.html#calibre_link-1600
8,8 STRINGS AND TEXT EDITING,3,F-String Alternatives: %s and format(),https://automatetheboringstuff.com/3e/chapter8.html#calibre_link-1601
8,8 STRINGS AND TEXT EDITING,3,Useful String Methods,https://automatetheboringstuff.com/3e/chapter8.html#calibre_link-1602
8,8 STRINGS AND TEXT EDITING,4,Changing the Case,https://automatetheboringstuff.com/3e/chapter8.html#calibre_link-1603
8,8 STRINGS AND TEXT EDITING,4,Checking String Characteristics,https://automatetheboringstuff.com/3e/chapter8.html#calibre_link-1604
8,8 STRINGS AND TEXT EDITING,4,Checking the Start or End of a String,https://automatetheboringstuff.com/3e/chapter8.html#calibre_link-1605
8,8 STRINGS AND TEXT EDITING,4,Joining and Splitting Strings,https://automatetheboringstuff.com/3e/chapter8.html#calibre_link-1606
8,8 STRINGS AND TEXT EDITING,4,Justifying and Centering Text,https://automatetheboringstuff.com/3e/chapter8.html#calibre_link-1607
8,8 STRINGS AND TEXT EDITING,4,Removing Whitespace,https://automatetheboringstuff.com/3e/chapter8.html#calibre_link-1608
8,8 STRINGS AND TEXT EDITING,3,Numeric Code Points of Characters,https://automatetheboringstuff.com/3e/chapter8.html#calibre_link-1609
8,8 STRINGS AND TEXT EDITING,3,Copying and Pasting Strings,https://automatetheboringstuff.com/3e/chapter8.html#calibre_link-1610
8,8 STRINGS AND TEXT EDITING,4,Step 1: Copy and Paste from the Clipboard,https://automatetheboringstuff.com/3e/chapter8.html#calibre_link-1611
8,8 STRINGS AND TEXT EDITING,4,Step 2: Separate the Lines of Text,https://automatetheboringstuff.com/3e/chapter8.html#calibre_link-1612
8,8 STRINGS AND TEXT EDITING,4,Step 3: Join the Modified Lines,https://automatetheboringstuff.com/3e/chapter8.html#calibre_link-1613
8,8 STRINGS AND TEXT EDITING,3,A Short Program: Pig Latin,https://automatetheboringstuff.com/3e/chapter8.html#calibre_link-1614
8,8 STRINGS AND TEXT EDITING,3,Summary,https://automatetheboringstuff.com/3e/chapter8.html#calibre_link-1618
8,8 STRINGS AND TEXT EDITING,3,Practice Questions,https://automatetheboringstuff.com/3e/chapter8.html#calibre_link-1619
8,8 STRINGS AND TEXT EDITING,3,Practice Program: Table Printer,https://automatetheboringstuff.com/3e/chapter8.html#calibre_link-1620
9,9 TEXT PATTERN MATCHING WITH REGULAR EXPRESSIONS,2,9 TEXT PATTERN MATCHING WITH REGULAR EXPRESSIONS,https://automatetheboringstuff.com/3e/chapter9.html#calibre_link-1624
9,9 TEXT PATTERN MATCHING WITH REGULAR EXPRESSIONS,3,Finding Text Patterns Without Regular Expressions,https://automatetheboringstuff.com/3e/chapter9.html#calibre_link-1625
9,9 TEXT PATTERN MATCHING WITH REGULAR EXPRESSIONS,3,Finding Text Patterns with Regular Expressions,https://automatetheboringstuff.com/3e/chapter9.html#calibre_link-1627
9,9 TEXT PATTERN MATCHING WITH REGULAR EXPRESSIONS,3,The Syntax of Regular Expressions,https://automatetheboringstuff.com/3e/chapter9.html#calibre_link-1628
9,9 TEXT PATTERN MATCHING WITH REGULAR EXPRESSIONS,4,Grouping with Parentheses,https://automatetheboringstuff.com/3e/chapter9.html#calibre_link-1629
9,9 TEXT PATTERN MATCHING WITH REGULAR EXPRESSIONS,4,Using Escape Characters,https://automatetheboringstuff.com/3e/chapter9.html#calibre_link-1630
9,9 TEXT PATTERN MATCHING WITH REGULAR EXPRESSIONS,4,Matching Characters from Alternate Groups,https://automatetheboringstuff.com/3e/chapter9.html#calibre_link-1631
9,9 TEXT PATTERN MATCHING WITH REGULAR EXPRESSIONS,4,Returning All Matches,https://automatetheboringstuff.com/3e/chapter9.html#calibre_link-1632
9,9 TEXT PATTERN MATCHING WITH REGULAR EXPRESSIONS,3,Qualifier Syntax: What Characters to Match,https://automatetheboringstuff.com/3e/chapter9.html#calibre_link-1633
9,9 TEXT PATTERN MATCHING WITH REGULAR EXPRESSIONS,4,Using Character Classes and Negative Character Classes,https://automatetheboringstuff.com/3e/chapter9.html#calibre_link-1634
9,9 TEXT PATTERN MATCHING WITH REGULAR EXPRESSIONS,4,Using Shorthand Character Classes,https://automatetheboringstuff.com/3e/chapter9.html#calibre_link-1635
9,9 TEXT PATTERN MATCHING WITH REGULAR EXPRESSIONS,4,Matching Everything with the Dot Character,https://automatetheboringstuff.com/3e/chapter9.html#calibre_link-1636
9,9 TEXT PATTERN MATCHING WITH REGULAR EXPRESSIONS,4,Being Careful What You Match For,https://automatetheboringstuff.com/3e/chapter9.html#calibre_link-1637
9,9 TEXT PATTERN MATCHING WITH REGULAR EXPRESSIONS,3,Quantifier Syntax: How Many Qualifiers to Match,https://automatetheboringstuff.com/3e/chapter9.html#calibre_link-1638
9,9 TEXT PATTERN MATCHING WITH REGULAR EXPRESSIONS,4,Matching an Optional Pattern,https://automatetheboringstuff.com/3e/chapter9.html#calibre_link-1639
9,9 TEXT PATTERN MATCHING WITH REGULAR EXPRESSIONS,4,Matching Zero or More Qualifiers,https://automatetheboringstuff.com/3e/chapter9.html#calibre_link-1640
9,9 TEXT PATTERN MATCHING WITH REGULAR EXPRESSIONS,4,Matching One or More Qualifiers,https://automatetheboringstuff.com/3e/chapter9.html#calibre_link-1641
9,9 TEXT PATTERN MATCHING WITH REGULAR EXPRESSIONS,4,Matching a Specific Number of Qualifiers,https://automatetheboringstuff.com/3e/chapter9.html#calibre_link-1642
9,9 TEXT PATTERN MATCHING WITH REGULAR EXPRESSIONS,3,Greedy and Non-greedy Matching,https://automatetheboringstuff.com/3e/chapter9.html#calibre_link-1643
9,9 TEXT PATTERN MATCHING WITH REGULAR EXPRESSIONS,4,Matching Everything,https://automatetheboringstuff.com/3e/chapter9.html#calibre_link-1644
9,9 TEXT PATTERN MATCHING WITH REGULAR EXPRESSIONS,4,Matching Newline Characters,https://automatetheboringstuff.com/3e/chapter9.html#calibre_link-1645
9,9 TEXT PATTERN MATCHING WITH REGULAR EXPRESSIONS,3,Matching at the Start and End of a String,https://automatetheboringstuff.com/3e/chapter9.html#calibre_link-1646
9,9 TEXT PATTERN MATCHING WITH REGULAR EXPRESSIONS,3,Case-Insensitive Matching,https://automatetheboringstuff.com/3e/chapter9.html#calibre_link-1649
9,9 TEXT PATTERN MATCHING WITH REGULAR EXPRESSIONS,3,Substituting Strings,https://automatetheboringstuff.com/3e/chapter9.html#calibre_link-1650
9,9 TEXT PATTERN MATCHING WITH REGULAR EXPRESSIONS,3,Managing Complex Regexes with Verbose Mode,https://automatetheboringstuff.com/3e/chapter9.html#calibre_link-1651
9,9 TEXT PATTERN MATCHING WITH REGULAR EXPRESSIONS,3,"Combining re.IGNORECASE, re.DOTALL, and re.VERBOSE",https://automatetheboringstuff.com/3e/chapter9.html#calibre_link-1652
9,9 TEXT PATTERN MATCHING WITH REGULAR EXPRESSIONS,4,Step 1: Create a Regex for Phone Numbers,https://automatetheboringstuff.com/3e/chapter9.html#calibre_link-1654
9,9 TEXT PATTERN MATCHING WITH REGULAR EXPRESSIONS,4,Step 2: Create a Regex for Email Addresses,https://automatetheboringstuff.com/3e/chapter9.html#calibre_link-1655
9,9 TEXT PATTERN MATCHING WITH REGULAR EXPRESSIONS,4,Step 3: Find All Matches in the Clipboard Text,https://automatetheboringstuff.com/3e/chapter9.html#calibre_link-1656
9,9 TEXT PATTERN MATCHING WITH REGULAR EXPRESSIONS,4,Step 4: Join the Matches into a String,https://automatetheboringstuff.com/3e/chapter9.html#calibre_link-1658
9,9 TEXT PATTERN MATCHING WITH REGULAR EXPRESSIONS,4,Ideas for Similar Programs,https://automatetheboringstuff.com/3e/chapter9.html#calibre_link-1659
9,9 TEXT PATTERN MATCHING WITH REGULAR EXPRESSIONS,3,Humre: A Module for Human-Readable Regexes,https://automatetheboringstuff.com/3e/chapter9.html#calibre_link-1660
9,9 TEXT PATTERN MATCHING WITH REGULAR EXPRESSIONS,3,Summary,https://automatetheboringstuff.com/3e/chapter9.html#calibre_link-1661
9,9 TEXT PATTERN MATCHING WITH REGULAR EXPRESSIONS,3,Practice Questions,https://automatetheboringstuff.com/3e/chapter9.html#calibre_link-1663
9,9 TEXT PATTERN MATCHING WITH REGULAR EXPRESSIONS,3,Practice Programs,https://automatetheboringstuff.com/3e/chapter9.html#calibre_link-1664
9,9 TEXT PATTERN MATCHING WITH REGULAR EXPRESSIONS,4,Strong Password Detection,https://automatetheboringstuff.com/3e/chapter9.html#calibre_link-1665
9,9 TEXT PATTERN MATCHING WITH REGULAR EXPRESSIONS,4,Regex Version of the strip() Method,https://automatetheboringstuff.com/3e/chapter9.html#calibre_link-1666
10,10 READING AND WRITING FILES,2,10 READING AND WRITING FILES,https://automatetheboringstuff.com/3e/chapter10.html#calibre_link-1667
10,10 READING AND WRITING FILES,3,Files and Filepaths,https://automatetheboringstuff.com/3e/chapter10.html#calibre_link-1668
10,10 READING AND WRITING FILES,4,Standardizing Path Separators,https://automatetheboringstuff.com/3e/chapter10.html#calibre_link-1669
10,10 READING AND WRITING FILES,4,Joining Paths,https://automatetheboringstuff.com/3e/chapter10.html#calibre_link-1670
10,10 READING AND WRITING FILES,4,Accessing the Current Working Directory,https://automatetheboringstuff.com/3e/chapter10.html#calibre_link-1671
10,10 READING AND WRITING FILES,4,Accessing the Home Directory,https://automatetheboringstuff.com/3e/chapter10.html#calibre_link-1672
10,10 READING AND WRITING FILES,4,Specifying Absolute vs. Relative Paths,https://automatetheboringstuff.com/3e/chapter10.html#calibre_link-1673
10,10 READING AND WRITING FILES,4,Creating New Folders,https://automatetheboringstuff.com/3e/chapter10.html#calibre_link-1674
10,10 READING AND WRITING FILES,4,Handling Absolute and Relative Paths,https://automatetheboringstuff.com/3e/chapter10.html#calibre_link-1675
10,10 READING AND WRITING FILES,4,Getting the Parts of a Filepath,https://automatetheboringstuff.com/3e/chapter10.html#calibre_link-1676
10,10 READING AND WRITING FILES,4,Finding File Sizes and Timestamps,https://automatetheboringstuff.com/3e/chapter10.html#calibre_link-1677
10,10 READING AND WRITING FILES,4,Finding Files Using Glob Patterns,https://automatetheboringstuff.com/3e/chapter10.html#calibre_link-1678
10,10 READING AND WRITING FILES,4,Checking Path Validity,https://automatetheboringstuff.com/3e/chapter10.html#calibre_link-1679
10,10 READING AND WRITING FILES,3,The File Reading and Writing Process,https://automatetheboringstuff.com/3e/chapter10.html#calibre_link-1680
10,10 READING AND WRITING FILES,4,Opening Files,https://automatetheboringstuff.com/3e/chapter10.html#calibre_link-1681
10,10 READING AND WRITING FILES,4,Reading the Contents of Files,https://automatetheboringstuff.com/3e/chapter10.html#calibre_link-1682
10,10 READING AND WRITING FILES,4,Writing to Files,https://automatetheboringstuff.com/3e/chapter10.html#calibre_link-1683
10,10 READING AND WRITING FILES,4,Using with Statements,https://automatetheboringstuff.com/3e/chapter10.html#calibre_link-1684
10,10 READING AND WRITING FILES,3,Saving Variables with the shelve Module,https://automatetheboringstuff.com/3e/chapter10.html#calibre_link-1685
10,10 READING AND WRITING FILES,4,Step 1: Store the Quiz Data in a Dictionary,https://automatetheboringstuff.com/3e/chapter10.html#calibre_link-1686
10,10 READING AND WRITING FILES,4,Step 2: Create the Quiz File,https://automatetheboringstuff.com/3e/chapter10.html#calibre_link-1687
10,10 READING AND WRITING FILES,4,Step 3: Create the Answer Options,https://automatetheboringstuff.com/3e/chapter10.html#calibre_link-1689
10,10 READING AND WRITING FILES,4,Step 4: Write the Content to the Files,https://automatetheboringstuff.com/3e/chapter10.html#calibre_link-1691
10,10 READING AND WRITING FILES,3,Summary,https://automatetheboringstuff.com/3e/chapter10.html#calibre_link-1693
10,10 READING AND WRITING FILES,3,Practice Questions,https://automatetheboringstuff.com/3e/chapter10.html#calibre_link-1694
10,10 READING AND WRITING FILES,3,Practice Programs,https://automatetheboringstuff.com/3e/chapter10.html#calibre_link-1695
10,10 READING AND WRITING FILES,4,Mad Libs,https://automatetheboringstuff.com/3e/chapter10.html#calibre_link-1696
10,10 READING AND WRITING FILES,4,Regex Search,https://automatetheboringstuff.com/3e/chapter10.html#calibre_link-1697
11,11 ORGANIZING FILES,2,11 ORGANIZING FILES,https://automatetheboringstuff.com/3e/chapter11.html#calibre_link-1699
11,11 ORGANIZING FILES,3,The shutil Module,https://automatetheboringstuff.com/3e/chapter11.html#calibre_link-1700
11,11 ORGANIZING FILES,4,Copying Files and Folders,https://automatetheboringstuff.com/3e/chapter11.html#calibre_link-1701
11,11 ORGANIZING FILES,4,Moving and Renaming Files and Folders,https://automatetheboringstuff.com/3e/chapter11.html#calibre_link-1702
11,11 ORGANIZING FILES,4,Permanently Deleting Files and Folders,https://automatetheboringstuff.com/3e/chapter11.html#calibre_link-1703
11,11 ORGANIZING FILES,4,Deleting to the Recycle Bin,https://automatetheboringstuff.com/3e/chapter11.html#calibre_link-1704
11,11 ORGANIZING FILES,3,Walking a Directory Tree,https://automatetheboringstuff.com/3e/chapter11.html#calibre_link-1705
11,11 ORGANIZING FILES,3,Compressing Files with the zipfile Module,https://automatetheboringstuff.com/3e/chapter11.html#calibre_link-1706
11,11 ORGANIZING FILES,4,Creating and Adding to ZIP Files,https://automatetheboringstuff.com/3e/chapter11.html#calibre_link-1707
11,11 ORGANIZING FILES,4,Reading ZIP Files,https://automatetheboringstuff.com/3e/chapter11.html#calibre_link-1708
11,11 ORGANIZING FILES,4,Extracting from ZIP Files,https://automatetheboringstuff.com/3e/chapter11.html#calibre_link-1709
11,11 ORGANIZING FILES,4,Step 1: Figure Out the ZIP File’s Name,https://automatetheboringstuff.com/3e/chapter11.html#calibre_link-1710
11,11 ORGANIZING FILES,4,Step 2: Create the New ZIP File,https://automatetheboringstuff.com/3e/chapter11.html#calibre_link-1712
11,11 ORGANIZING FILES,4,Step 3: Walk the Directory Tree,https://automatetheboringstuff.com/3e/chapter11.html#calibre_link-1714
11,11 ORGANIZING FILES,4,Ideas for Other Programs,https://automatetheboringstuff.com/3e/chapter11.html#calibre_link-1715
11,11 ORGANIZING FILES,3,Summary,https://automatetheboringstuff.com/3e/chapter11.html#calibre_link-1716
11,11 ORGANIZING FILES,3,Practice Questions,https://automatetheboringstuff.com/3e/chapter11.html#calibre_link-1717
11,11 ORGANIZING FILES,3,Practice Programs,https://automatetheboringstuff.com/3e/chapter11.html#calibre_link-1718
11,11 ORGANIZING FILES,4,Selectively Copying,https://automatetheboringstuff.com/3e/chapter11.html#calibre_link-1719
11,11 ORGANIZING FILES,4,Deleting Unneeded Files,https://automatetheboringstuff.com/3e/chapter11.html#calibre_link-1720
11,11 ORGANIZING FILES,4,Renumbering Files,https://automatetheboringstuff.com/3e/chapter11.html#calibre_link-1721
11,11 ORGANIZING FILES,4,Converting Dates from American- to European-Style,https://automatetheboringstuff.com/3e/chapter11.html#calibre_link-1722
12,12 DESIGNING AND DEPLOYING COMMAND LINE PROGRAMS,2,12 DESIGNING AND DEPLOYING COMMAND LINE PROGRAMS,https://automatetheboringstuff.com/3e/chapter12.html#calibre_link-1724
12,12 DESIGNING AND DEPLOYING COMMAND LINE PROGRAMS,3,A Program by Any Other Name,https://automatetheboringstuff.com/3e/chapter12.html
12,12 DESIGNING AND DEPLOYING COMMAND LINE PROGRAMS,3,Using the Terminal,https://automatetheboringstuff.com/3e/chapter12.html
12,12 DESIGNING AND DEPLOYING COMMAND LINE PROGRAMS,4,"The cd, pwd, dir, and ls Commands",https://automatetheboringstuff.com/3e/chapter12.html
12,12 DESIGNING AND DEPLOYING COMMAND LINE PROGRAMS,4,The PATH Environment Variable,https://automatetheboringstuff.com/3e/chapter12.html
12,12 DESIGNING AND DEPLOYING COMMAND LINE PROGRAMS,4,PATH Editing,https://automatetheboringstuff.com/3e/chapter12.html
12,12 DESIGNING AND DEPLOYING COMMAND LINE PROGRAMS,5,Windows,https://automatetheboringstuff.com/3e/chapter12.html
12,12 DESIGNING AND DEPLOYING COMMAND LINE PROGRAMS,5,macOS and Linux,https://automatetheboringstuff.com/3e/chapter12.html
12,12 DESIGNING AND DEPLOYING COMMAND LINE PROGRAMS,4,The which and where Commands,https://automatetheboringstuff.com/3e/chapter12.html
12,12 DESIGNING AND DEPLOYING COMMAND LINE PROGRAMS,3,Virtual Environments,https://automatetheboringstuff.com/3e/chapter12.html
12,12 DESIGNING AND DEPLOYING COMMAND LINE PROGRAMS,3,Installing Python Packages with pip,https://automatetheboringstuff.com/3e/chapter12.html
12,12 DESIGNING AND DEPLOYING COMMAND LINE PROGRAMS,3,Self-Aware Python Programs,https://automatetheboringstuff.com/3e/chapter12.html
12,12 DESIGNING AND DEPLOYING COMMAND LINE PROGRAMS,3,Text-Based Program Design,https://automatetheboringstuff.com/3e/chapter12.html
12,12 DESIGNING AND DEPLOYING COMMAND LINE PROGRAMS,4,Short Command Names,https://automatetheboringstuff.com/3e/chapter12.html
12,12 DESIGNING AND DEPLOYING COMMAND LINE PROGRAMS,4,Command Line Arguments,https://automatetheboringstuff.com/3e/chapter12.html
12,12 DESIGNING AND DEPLOYING COMMAND LINE PROGRAMS,4,Clipboard I/O,https://automatetheboringstuff.com/3e/chapter12.html
12,12 DESIGNING AND DEPLOYING COMMAND LINE PROGRAMS,4,Colorful Text with Bext,https://automatetheboringstuff.com/3e/chapter12.html
12,12 DESIGNING AND DEPLOYING COMMAND LINE PROGRAMS,4,Terminal Clearing,https://automatetheboringstuff.com/3e/chapter12.html
12,12 DESIGNING AND DEPLOYING COMMAND LINE PROGRAMS,4,Sound and Text Notification,https://automatetheboringstuff.com/3e/chapter12.html
12,12 DESIGNING AND DEPLOYING COMMAND LINE PROGRAMS,3,A Short Program: Snowstorm,https://automatetheboringstuff.com/3e/chapter12.html
12,12 DESIGNING AND DEPLOYING COMMAND LINE PROGRAMS,3,Pop-up Message Boxes with PyMsgBox,https://automatetheboringstuff.com/3e/chapter12.html
12,12 DESIGNING AND DEPLOYING COMMAND LINE PROGRAMS,3,Deploying Python Programs,https://automatetheboringstuff.com/3e/chapter12.html
12,12 DESIGNING AND DEPLOYING COMMAND LINE PROGRAMS,4,Windows,https://automatetheboringstuff.com/3e/chapter12.html
12,12 DESIGNING AND DEPLOYING COMMAND LINE PROGRAMS,4,macOS,https://automatetheboringstuff.com/3e/chapter12.html
12,12 DESIGNING AND DEPLOYING COMMAND LINE PROGRAMS,4,Ubuntu Linux,https://automatetheboringstuff.com/3e/chapter12.html
12,12 DESIGNING AND DEPLOYING COMMAND LINE PROGRAMS,3,A Short Program: Copying the Current Working Directory,https://automatetheboringstuff.com/3e/chapter12.html
12,12 DESIGNING AND DEPLOYING COMMAND LINE PROGRAMS,4,Windows,https://automatetheboringstuff.com/3e/chapter12.html
12,12 DESIGNING AND DEPLOYING COMMAND LINE PROGRAMS,4,macOS,https://automatetheboringstuff.com/3e/chapter12.html
12,12 DESIGNING AND DEPLOYING COMMAND LINE PROGRAMS,4,Ubuntu Linux,https://automatetheboringstuff.com/3e/chapter12.html
12,12 DESIGNING AND DEPLOYING COMMAND LINE PROGRAMS,3,A Short Program: Clipboard Recorder,https://automatetheboringstuff.com/3e/chapter12.html
12,12 DESIGNING AND DEPLOYING COMMAND LINE PROGRAMS,4,Windows,https://automatetheboringstuff.com/3e/chapter12.html
12,12 DESIGNING AND DEPLOYING COMMAND LINE PROGRAMS,4,macOS,https://automatetheboringstuff.com/3e/chapter12.html
12,12 DESIGNING AND DEPLOYING COMMAND LINE PROGRAMS,4,Ubuntu Linux,https://automatetheboringstuff.com/3e/chapter12.html
12,12 DESIGNING AND DEPLOYING COMMAND LINE PROGRAMS,3,Compiling Python Programs with PyInstaller,https://automatetheboringstuff.com/3e/chapter12.html
12,12 DESIGNING AND DEPLOYING COMMAND LINE PROGRAMS,3,Summary,https://automatetheboringstuff.com/3e/chapter12.html
12,12 DESIGNING AND DEPLOYING COMMAND LINE PROGRAMS,3,Practice Questions,https://automatetheboringstuff.com/3e/chapter12.html
12,12 DESIGNING AND DEPLOYING COMMAND LINE PROGRAMS,3,Practice Program: Make Your Programs Deployable,https://automatetheboringstuff.com/3e/chapter12.html
13,13 WEB SCRAPING,2,13 WEB SCRAPING,https://automatetheboringstuff.com/3e/chapter13.html#calibre_link-1765
13,13 WEB SCRAPING,3,HTTP and HTTPS,https://automatetheboringstuff.com/3e/chapter13.html#calibre_link-1766
13,13 WEB SCRAPING,4,Step 1: Figure Out the URL,https://automatetheboringstuff.com/3e/chapter13.html#calibre_link-1767
13,13 WEB SCRAPING,4,Step 2: Handle the Command Line Arguments,https://automatetheboringstuff.com/3e/chapter13.html#calibre_link-1768
13,13 WEB SCRAPING,4,Step 3: Retrieve the Clipboard Content,https://automatetheboringstuff.com/3e/chapter13.html#calibre_link-1769
13,13 WEB SCRAPING,4,Ideas for Similar Programs,https://automatetheboringstuff.com/3e/chapter13.html#calibre_link-1770
13,13 WEB SCRAPING,3,Downloading Files from the Web with the requests Module,https://automatetheboringstuff.com/3e/chapter13.html#calibre_link-1771
13,13 WEB SCRAPING,4,Downloading Web Pages,https://automatetheboringstuff.com/3e/chapter13.html#calibre_link-1772
13,13 WEB SCRAPING,4,Checking for Errors,https://automatetheboringstuff.com/3e/chapter13.html#calibre_link-1773
13,13 WEB SCRAPING,4,Saving Downloaded Files to the Hard Drive,https://automatetheboringstuff.com/3e/chapter13.html#calibre_link-1774
13,13 WEB SCRAPING,3,Accessing a Weather API,https://automatetheboringstuff.com/3e/chapter13.html#calibre_link-1776
13,13 WEB SCRAPING,4,Requesting a Latitude and Longitude,https://automatetheboringstuff.com/3e/chapter13.html#calibre_link-1777
13,13 WEB SCRAPING,4,Fetching the Current Weather,https://automatetheboringstuff.com/3e/chapter13.html#calibre_link-1779
13,13 WEB SCRAPING,4,Getting a Weather Forecast,https://automatetheboringstuff.com/3e/chapter13.html#calibre_link-1780
13,13 WEB SCRAPING,4,Exploring APIs,https://automatetheboringstuff.com/3e/chapter13.html#calibre_link-1781
13,13 WEB SCRAPING,3,Understanding HTML,https://automatetheboringstuff.com/3e/chapter13.html#calibre_link-1782
13,13 WEB SCRAPING,4,Exploring the Format,https://automatetheboringstuff.com/3e/chapter13.html#calibre_link-1783
13,13 WEB SCRAPING,4,Viewing a Web Page’s Source,https://automatetheboringstuff.com/3e/chapter13.html#calibre_link-1784
13,13 WEB SCRAPING,4,Opening Your Browser’s Developer Tools,https://automatetheboringstuff.com/3e/chapter13.html#calibre_link-1785
13,13 WEB SCRAPING,4,Finding HTML Elements,https://automatetheboringstuff.com/3e/chapter13.html#calibre_link-1787
13,13 WEB SCRAPING,3,Parsing HTML with Beautiful Soup,https://automatetheboringstuff.com/3e/chapter13.html#calibre_link-1789
13,13 WEB SCRAPING,4,Creating a Beautiful Soup Object,https://automatetheboringstuff.com/3e/chapter13.html#calibre_link-1790
13,13 WEB SCRAPING,4,Finding an Element,https://automatetheboringstuff.com/3e/chapter13.html#calibre_link-1791
13,13 WEB SCRAPING,4,Getting Data from an Element’s Attributes,https://automatetheboringstuff.com/3e/chapter13.html#calibre_link-1792
13,13 WEB SCRAPING,4,Step 1: Get the Search Page,https://automatetheboringstuff.com/3e/chapter13.html#calibre_link-1793
13,13 WEB SCRAPING,4,Step 2: Find All Results,https://automatetheboringstuff.com/3e/chapter13.html#calibre_link-1795
13,13 WEB SCRAPING,4,Step 3: Open Web Browsers for Each Result,https://automatetheboringstuff.com/3e/chapter13.html#calibre_link-1796
13,13 WEB SCRAPING,4,Ideas for Similar Programs,https://automatetheboringstuff.com/3e/chapter13.html
13,13 WEB SCRAPING,4,Step 1: Design the Program,https://automatetheboringstuff.com/3e/chapter13.html#calibre_link-1798
13,13 WEB SCRAPING,4,Step 2: Download the Web Page,https://automatetheboringstuff.com/3e/chapter13.html#calibre_link-1800
13,13 WEB SCRAPING,4,Step 3: Find and Download the Comic Image,https://automatetheboringstuff.com/3e/chapter13.html#calibre_link-1802
13,13 WEB SCRAPING,4,Step 4: Save the Image and Find the Previous Comic,https://automatetheboringstuff.com/3e/chapter13.html#calibre_link-1804
13,13 WEB SCRAPING,4,Ideas for Similar Programs,https://automatetheboringstuff.com/3e/chapter13.html
13,13 WEB SCRAPING,3,Controlling the Browser with Selenium,https://automatetheboringstuff.com/3e/chapter13.html#calibre_link-1807
13,13 WEB SCRAPING,4,Starting a Selenium-Controlled Browser,https://automatetheboringstuff.com/3e/chapter13.html#calibre_link-1808
13,13 WEB SCRAPING,4,Clicking Browser Buttons,https://automatetheboringstuff.com/3e/chapter13.html#calibre_link-1809
13,13 WEB SCRAPING,4,Finding Elements on the Page,https://automatetheboringstuff.com/3e/chapter13.html#calibre_link-1810
13,13 WEB SCRAPING,4,Clicking Elements on the Page,https://automatetheboringstuff.com/3e/chapter13.html#calibre_link-1811
13,13 WEB SCRAPING,4,Filling Out and Submitting Forms,https://automatetheboringstuff.com/3e/chapter13.html#calibre_link-1812
13,13 WEB SCRAPING,4,Sending Special Keys,https://automatetheboringstuff.com/3e/chapter13.html#calibre_link-1813
13,13 WEB SCRAPING,3,Controlling the Browser with Playwright,https://automatetheboringstuff.com/3e/chapter13.html#calibre_link-1814
13,13 WEB SCRAPING,4,Starting a Playwright-Controlled Browser,https://automatetheboringstuff.com/3e/chapter13.html#calibre_link-1815
13,13 WEB SCRAPING,4,Clicking Browser Buttons,https://automatetheboringstuff.com/3e/chapter13.html
13,13 WEB SCRAPING,4,Finding Elements on the Page,https://automatetheboringstuff.com/3e/chapter13.html
13,13 WEB SCRAPING,4,Clicking Elements on the Page,https://automatetheboringstuff.com/3e/chapter13.html
13,13 WEB SCRAPING,4,Filling Out and Submitting Forms,https://automatetheboringstuff.com/3e/chapter13.html
13,13 WEB SCRAPING,4,Sending Special Keys,https://automatetheboringstuff.com/3e/chapter13.html
13,13 WEB SCRAPING,3,Summary,https://automatetheboringstuff.com/3e/chapter13.html#calibre_link-1822
13,13 WEB SCRAPING,3,Practice Questions,https://automatetheboringstuff.com/3e/chapter13.html#calibre_link-1823
13,13 WEB SCRAPING,3,Practice Programs,https://automatetheboringstuff.com/3e/chapter13.html#calibre_link-1824
13,13 WEB SCRAPING,4,Image Site Downloader,https://automatetheboringstuff.com/3e/chapter13.html#calibre_link-1825
13,13 WEB SCRAPING,4,2048,https://automatetheboringstuff.com/3e/chapter13.html#calibre_link-1826
13,13 WEB SCRAPING,4,Link Verification,https://automatetheboringstuff.com/3e/chapter13.html#calibre_link-1827
14,14 EXCEL SPREADSHEETS,2,14 EXCEL SPREADSHEETS,https://automatetheboringstuff.com/3e/chapter14.html#calibre_link-1828
14,14 EXCEL SPREADSHEETS,3,Reading Excel Files,https://automatetheboringstuff.com/3e/chapter14.html#calibre_link-1829
14,14 EXCEL SPREADSHEETS,4,Opening a Workbook,https://automatetheboringstuff.com/3e/chapter14.html#calibre_link-1830
14,14 EXCEL SPREADSHEETS,4,Getting Sheets from the Workbook,https://automatetheboringstuff.com/3e/chapter14.html#calibre_link-1831
14,14 EXCEL SPREADSHEETS,4,Getting Cells from the Sheets,https://automatetheboringstuff.com/3e/chapter14.html#calibre_link-1832
14,14 EXCEL SPREADSHEETS,4,Converting Between Column Letters and Numbers,https://automatetheboringstuff.com/3e/chapter14.html#calibre_link-1833
14,14 EXCEL SPREADSHEETS,4,Getting Rows and Columns,https://automatetheboringstuff.com/3e/chapter14.html#calibre_link-1834
14,14 EXCEL SPREADSHEETS,4,Step 1: Read the Spreadsheet Data,https://automatetheboringstuff.com/3e/chapter14.html#calibre_link-1837
14,14 EXCEL SPREADSHEETS,4,Step 2: Populate the Data Structure,https://automatetheboringstuff.com/3e/chapter14.html#calibre_link-1839
14,14 EXCEL SPREADSHEETS,4,Step 3: Write the Results to a File,https://automatetheboringstuff.com/3e/chapter14.html#calibre_link-1840
14,14 EXCEL SPREADSHEETS,4,Ideas for Similar Programs,https://automatetheboringstuff.com/3e/chapter14.html#calibre_link-1841
14,14 EXCEL SPREADSHEETS,3,Writing Excel Documents,https://automatetheboringstuff.com/3e/chapter14.html#calibre_link-1842
14,14 EXCEL SPREADSHEETS,4,Creating and Saving Excel Files,https://automatetheboringstuff.com/3e/chapter14.html#calibre_link-1843
14,14 EXCEL SPREADSHEETS,4,Creating and Removing Sheets,https://automatetheboringstuff.com/3e/chapter14.html#calibre_link-1844
14,14 EXCEL SPREADSHEETS,4,Writing Values to Cells,https://automatetheboringstuff.com/3e/chapter14.html#calibre_link-1845
14,14 EXCEL SPREADSHEETS,4,Step 1: Set Up a Data Structure with the Updated Information,https://automatetheboringstuff.com/3e/chapter14.html#calibre_link-1846
14,14 EXCEL SPREADSHEETS,4,Step 2: Check All Rows and Update Incorrect Prices,https://automatetheboringstuff.com/3e/chapter14.html#calibre_link-1847
14,14 EXCEL SPREADSHEETS,4,Ideas for Similar Programs,https://automatetheboringstuff.com/3e/chapter14.html
14,14 EXCEL SPREADSHEETS,3,Setting the Font Style of Cells,https://automatetheboringstuff.com/3e/chapter14.html#calibre_link-1849
14,14 EXCEL SPREADSHEETS,3,Formulas,https://automatetheboringstuff.com/3e/chapter14.html#calibre_link-1850
14,14 EXCEL SPREADSHEETS,3,Adjusting Rows and Columns,https://automatetheboringstuff.com/3e/chapter14.html#calibre_link-1851
14,14 EXCEL SPREADSHEETS,4,Setting Row Height and Column Width,https://automatetheboringstuff.com/3e/chapter14.html#calibre_link-1852
14,14 EXCEL SPREADSHEETS,4,Merging and Unmerging Cells,https://automatetheboringstuff.com/3e/chapter14.html#calibre_link-1853
14,14 EXCEL SPREADSHEETS,4,Freezing Panes,https://automatetheboringstuff.com/3e/chapter14.html#calibre_link-1854
14,14 EXCEL SPREADSHEETS,3,Charts,https://automatetheboringstuff.com/3e/chapter14.html#calibre_link-1855
14,14 EXCEL SPREADSHEETS,3,Summary,https://automatetheboringstuff.com/3e/chapter14.html#calibre_link-1856
14,14 EXCEL SPREADSHEETS,3,Practice Questions,https://automatetheboringstuff.com/3e/chapter14.html#calibre_link-1857
14,14 EXCEL SPREADSHEETS,3,Practice Programs,https://automatetheboringstuff.com/3e/chapter14.html#calibre_link-1858
14,14 EXCEL SPREADSHEETS,4,Multiplication Table Maker,https://automatetheboringstuff.com/3e/chapter14.html#calibre_link-1859
14,14 EXCEL SPREADSHEETS,4,Blank Row Inserter,https://automatetheboringstuff.com/3e/chapter14.html#calibre_link-1860
15,15 GOOGLE SHEETS,2,15 GOOGLE SHEETS,https://automatetheboringstuff.com/3e/chapter15.html#calibre_link-1861
15,15 GOOGLE SHEETS,3,Installing and Setting Up EZSheets,https://automatetheboringstuff.com/3e/chapter15.html#calibre_link-1862
15,15 GOOGLE SHEETS,4,Creating a New Google Cloud Project,https://automatetheboringstuff.com/3e/chapter15.html#calibre_link-1863
15,15 GOOGLE SHEETS,4,Enabling the Sheets and Drive APIs,https://automatetheboringstuff.com/3e/chapter15.html#calibre_link-1864
15,15 GOOGLE SHEETS,4,Configuring the OAuth Consent Screen,https://automatetheboringstuff.com/3e/chapter15.html#calibre_link-1865
15,15 GOOGLE SHEETS,4,Creating Credentials,https://automatetheboringstuff.com/3e/chapter15.html#calibre_link-1866
15,15 GOOGLE SHEETS,4,Logging In with the Credentials File,https://automatetheboringstuff.com/3e/chapter15.html#calibre_link-1867
15,15 GOOGLE SHEETS,4,Revoking the Credentials File,https://automatetheboringstuff.com/3e/chapter15.html#calibre_link-1868
15,15 GOOGLE SHEETS,3,Spreadsheet Objects,https://automatetheboringstuff.com/3e/chapter15.html#calibre_link-1869
15,15 GOOGLE SHEETS,4,"Creating, Uploading, and Listing Spreadsheets",https://automatetheboringstuff.com/3e/chapter15.html#calibre_link-1870
15,15 GOOGLE SHEETS,4,Accessing Spreadsheet Attributes,https://automatetheboringstuff.com/3e/chapter15.html#calibre_link-1871
15,15 GOOGLE SHEETS,4,Downloading and Uploading Spreadsheets,https://automatetheboringstuff.com/3e/chapter15.html#calibre_link-1872
15,15 GOOGLE SHEETS,4,Deleting Spreadsheets,https://automatetheboringstuff.com/3e/chapter15.html#calibre_link-1873
15,15 GOOGLE SHEETS,3,Sheet Objects,https://automatetheboringstuff.com/3e/chapter15.html#calibre_link-1874
15,15 GOOGLE SHEETS,4,Reading and Writing Data,https://automatetheboringstuff.com/3e/chapter15.html#calibre_link-1875
15,15 GOOGLE SHEETS,5,Addressing Columns and Rows,https://automatetheboringstuff.com/3e/chapter15.html#calibre_link-1876
15,15 GOOGLE SHEETS,5,Reading and Writing Entire Columns and Rows,https://automatetheboringstuff.com/3e/chapter15.html#calibre_link-1877
15,15 GOOGLE SHEETS,4,"Creating, Moving, and Deleting Sheets",https://automatetheboringstuff.com/3e/chapter15.html#calibre_link-1878
15,15 GOOGLE SHEETS,4,Copying Sheets,https://automatetheboringstuff.com/3e/chapter15.html#calibre_link-1879
15,15 GOOGLE SHEETS,3,Google Forms,https://automatetheboringstuff.com/3e/chapter15.html#calibre_link-1880
15,15 GOOGLE SHEETS,4,Step 1: Audit the Fake Blockchain,https://automatetheboringstuff.com/3e/chapter15.html#calibre_link-1881
15,15 GOOGLE SHEETS,4,Step 2: Make Transactions,https://automatetheboringstuff.com/3e/chapter15.html#calibre_link-1882
15,15 GOOGLE SHEETS,3,Working with Google Sheets Quotas,https://automatetheboringstuff.com/3e/chapter15.html#calibre_link-1883
15,15 GOOGLE SHEETS,3,Summary,https://automatetheboringstuff.com/3e/chapter15.html#calibre_link-1884
15,15 GOOGLE SHEETS,3,Practice Questions,https://automatetheboringstuff.com/3e/chapter15.html#calibre_link-1885
15,15 GOOGLE SHEETS,3,Practice Programs,https://automatetheboringstuff.com/3e/chapter15.html#calibre_link-1886
15,15 GOOGLE SHEETS,4,Downloading Google Forms Data,https://automatetheboringstuff.com/3e/chapter15.html#calibre_link-1887
15,15 GOOGLE SHEETS,4,Converting Spreadsheets to Other Formats,https://automatetheboringstuff.com/3e/chapter15.html#calibre_link-1888
15,15 GOOGLE SHEETS,4,Finding Mistakes in a Spreadsheet,https://automatetheboringstuff.com/3e/chapter15.html#calibre_link-1889
16,16 SQLITE DATABASES,2,16 SQLITE DATABASES,https://automatetheboringstuff.com/3e/chapter16.html#calibre_link-1890
16,16 SQLITE DATABASES,3,Spreadsheets vs. Databases,https://automatetheboringstuff.com/3e/chapter16.html#calibre_link-1891
16,16 SQLITE DATABASES,3,SQLite vs. Other SQL Databases,https://automatetheboringstuff.com/3e/chapter16.html#calibre_link-1892
16,16 SQLITE DATABASES,3,Creating Databases and Tables,https://automatetheboringstuff.com/3e/chapter16.html#calibre_link-1893
16,16 SQLITE DATABASES,4,Connecting to Databases,https://automatetheboringstuff.com/3e/chapter16.html#calibre_link-1894
16,16 SQLITE DATABASES,4,Creating Tables,https://automatetheboringstuff.com/3e/chapter16.html#calibre_link-1895
16,16 SQLITE DATABASES,4,Defining Data Types,https://automatetheboringstuff.com/3e/chapter16.html#calibre_link-1896
16,16 SQLITE DATABASES,4,Listing Tables and Columns,https://automatetheboringstuff.com/3e/chapter16.html#calibre_link-1897
16,16 SQLITE DATABASES,3,CRUD Database Operations,https://automatetheboringstuff.com/3e/chapter16.html#calibre_link-1898
16,16 SQLITE DATABASES,4,Inserting Data into the Database,https://automatetheboringstuff.com/3e/chapter16.html#calibre_link-1899
16,16 SQLITE DATABASES,5,Transactions,https://automatetheboringstuff.com/3e/chapter16.html#calibre_link-1900
16,16 SQLITE DATABASES,5,SQL Injection Attacks,https://automatetheboringstuff.com/3e/chapter16.html#calibre_link-1901
16,16 SQLITE DATABASES,4,Reading Data from the Database,https://automatetheboringstuff.com/3e/chapter16.html#calibre_link-1902
16,16 SQLITE DATABASES,5,Looping over Query Results,https://automatetheboringstuff.com/3e/chapter16.html#calibre_link-1903
16,16 SQLITE DATABASES,5,Filtering Retrieved Data,https://automatetheboringstuff.com/3e/chapter16.html#calibre_link-1905
16,16 SQLITE DATABASES,5,Ordering the Results,https://automatetheboringstuff.com/3e/chapter16.html#calibre_link-1906
16,16 SQLITE DATABASES,5,Limiting the Number of Results,https://automatetheboringstuff.com/3e/chapter16.html#calibre_link-1907
16,16 SQLITE DATABASES,5,Creating Indexes for Faster Data Reading,https://automatetheboringstuff.com/3e/chapter16.html#calibre_link-1908
16,16 SQLITE DATABASES,4,Updating Data in the Database,https://automatetheboringstuff.com/3e/chapter16.html#calibre_link-1909
16,16 SQLITE DATABASES,4,Deleting Data from the Database,https://automatetheboringstuff.com/3e/chapter16.html#calibre_link-1910
16,16 SQLITE DATABASES,3,Rolling Back Transactions,https://automatetheboringstuff.com/3e/chapter16.html#calibre_link-1911
16,16 SQLITE DATABASES,3,Backing Up Databases,https://automatetheboringstuff.com/3e/chapter16.html#calibre_link-1912
16,16 SQLITE DATABASES,3,Altering and Dropping Tables,https://automatetheboringstuff.com/3e/chapter16.html#calibre_link-1913
16,16 SQLITE DATABASES,3,Joining Multiple Tables with Foreign Keys,https://automatetheboringstuff.com/3e/chapter16.html#calibre_link-1914
16,16 SQLITE DATABASES,3,In-Memory Databases and Backups,https://automatetheboringstuff.com/3e/chapter16.html#calibre_link-1915
16,16 SQLITE DATABASES,3,Copying Databases,https://automatetheboringstuff.com/3e/chapter16.html#calibre_link-1916
16,16 SQLITE DATABASES,3,SQLite Apps,https://automatetheboringstuff.com/3e/chapter16.html#calibre_link-1917
16,16 SQLITE DATABASES,3,Summary,https://automatetheboringstuff.com/3e/chapter16.html#calibre_link-1918
16,16 SQLITE DATABASES,3,Practice Questions,https://automatetheboringstuff.com/3e/chapter16.html#calibre_link-1919
16,16 SQLITE DATABASES,3,Practice Programs,https://automatetheboringstuff.com/3e/chapter16.html#calibre_link-1920
16,16 SQLITE DATABASES,4,Cat Vaccination Checker,https://automatetheboringstuff.com/3e/chapter16.html#calibre_link-1921
16,16 SQLITE DATABASES,4,Meal Ingredients Database,https://automatetheboringstuff.com/3e/chapter16.html#calibre_link-1922
17,17 PDF AND WORD DOCUMENTS,2,17 PDF AND WORD DOCUMENTS,https://automatetheboringstuff.com/3e/chapter17.html#calibre_link-1923
17,17 PDF AND WORD DOCUMENTS,3,PDF Documents,https://automatetheboringstuff.com/3e/chapter17.html#calibre_link-1924
17,17 PDF AND WORD DOCUMENTS,4,Extracting Text,https://automatetheboringstuff.com/3e/chapter17.html#calibre_link-1925
17,17 PDF AND WORD DOCUMENTS,4,Post-Processing with AI,https://automatetheboringstuff.com/3e/chapter17.html#calibre_link-1926
17,17 PDF AND WORD DOCUMENTS,4,Extracting Images,https://automatetheboringstuff.com/3e/chapter17.html#calibre_link-1927
17,17 PDF AND WORD DOCUMENTS,4,Creating PDFs from Other Pages,https://automatetheboringstuff.com/3e/chapter17.html#calibre_link-1928
17,17 PDF AND WORD DOCUMENTS,5,Rotating Pages,https://automatetheboringstuff.com/3e/chapter17.html#calibre_link-1929
17,17 PDF AND WORD DOCUMENTS,5,Inserting Blank Pages,https://automatetheboringstuff.com/3e/chapter17.html#calibre_link-1930
17,17 PDF AND WORD DOCUMENTS,5,Adding Watermarks and Overlays,https://automatetheboringstuff.com/3e/chapter17.html#calibre_link-1931
17,17 PDF AND WORD DOCUMENTS,5,Encrypting and Decrypting PDFs,https://automatetheboringstuff.com/3e/chapter17.html#calibre_link-1932
17,17 PDF AND WORD DOCUMENTS,4,Step 1: Find All PDF Files,https://automatetheboringstuff.com/3e/chapter17.html#calibre_link-1933
17,17 PDF AND WORD DOCUMENTS,4,Step 2: Open Each PDF,https://automatetheboringstuff.com/3e/chapter17.html#calibre_link-1934
17,17 PDF AND WORD DOCUMENTS,4,Step 3: Save the Results,https://automatetheboringstuff.com/3e/chapter17.html#calibre_link-1935
17,17 PDF AND WORD DOCUMENTS,4,Ideas for Similar Programs,https://automatetheboringstuff.com/3e/chapter17.html#calibre_link-1936
17,17 PDF AND WORD DOCUMENTS,3,Word Documents,https://automatetheboringstuff.com/3e/chapter17.html#calibre_link-1937
17,17 PDF AND WORD DOCUMENTS,4,Reading Word Documents,https://automatetheboringstuff.com/3e/chapter17.html#calibre_link-1938
17,17 PDF AND WORD DOCUMENTS,4,Getting the Full Text from a .docx File,https://automatetheboringstuff.com/3e/chapter17.html#calibre_link-1939
17,17 PDF AND WORD DOCUMENTS,4,Styling Paragraph and Run Objects,https://automatetheboringstuff.com/3e/chapter17.html#calibre_link-1940
17,17 PDF AND WORD DOCUMENTS,4,Applying Run Attributes,https://automatetheboringstuff.com/3e/chapter17.html#calibre_link-1941
17,17 PDF AND WORD DOCUMENTS,4,Writing Word Documents,https://automatetheboringstuff.com/3e/chapter17.html#calibre_link-1942
17,17 PDF AND WORD DOCUMENTS,4,Adding Headings,https://automatetheboringstuff.com/3e/chapter17.html#calibre_link-1943
17,17 PDF AND WORD DOCUMENTS,4,Adding Line and Page Breaks,https://automatetheboringstuff.com/3e/chapter17.html#calibre_link-1944
17,17 PDF AND WORD DOCUMENTS,4,Adding Pictures,https://automatetheboringstuff.com/3e/chapter17.html#calibre_link-1945
17,17 PDF AND WORD DOCUMENTS,3,Summary,https://automatetheboringstuff.com/3e/chapter17.html#calibre_link-1946
17,17 PDF AND WORD DOCUMENTS,3,Practice Questions,https://automatetheboringstuff.com/3e/chapter17.html#calibre_link-1947
17,17 PDF AND WORD DOCUMENTS,3,Practice Programs,https://automatetheboringstuff.com/3e/chapter17.html#calibre_link-1948
17,17 PDF AND WORD DOCUMENTS,4,PDF Paranoia,https://automatetheboringstuff.com/3e/chapter17.html#calibre_link-1949
17,17 PDF AND WORD DOCUMENTS,4,Custom Invitations,https://automatetheboringstuff.com/3e/chapter17.html#calibre_link-1950
17,17 PDF AND WORD DOCUMENTS,4,PDF Password Breaker,https://automatetheboringstuff.com/3e/chapter17.html#calibre_link-1951
18,"18 CSV, JSON, AND XML FILES",2,"18 CSV, JSON, AND XML FILES",https://automatetheboringstuff.com/3e/chapter18.html#calibre_link-1952
18,"18 CSV, JSON, AND XML FILES",3,The CSV Format,https://automatetheboringstuff.com/3e/chapter18.html#calibre_link-1953
18,"18 CSV, JSON, AND XML FILES",4,Reading CSV Files,https://automatetheboringstuff.com/3e/chapter18.html#calibre_link-1954
18,"18 CSV, JSON, AND XML FILES",4,Accessing Data in a for Loop,https://automatetheboringstuff.com/3e/chapter18.html#calibre_link-1955
18,"18 CSV, JSON, AND XML FILES",4,Writing CSV Files,https://automatetheboringstuff.com/3e/chapter18.html#calibre_link-1956
18,"18 CSV, JSON, AND XML FILES",4,Using Tabs Instead of Commas,https://automatetheboringstuff.com/3e/chapter18.html#calibre_link-1957
18,"18 CSV, JSON, AND XML FILES",4,Handling Header Rows,https://automatetheboringstuff.com/3e/chapter18.html#calibre_link-1958
18,"18 CSV, JSON, AND XML FILES",4,Step 1: Loop Through Each File,https://automatetheboringstuff.com/3e/chapter18.html#calibre_link-1960
18,"18 CSV, JSON, AND XML FILES",4,Step 2: Read the File,https://automatetheboringstuff.com/3e/chapter18.html#calibre_link-1961
18,"18 CSV, JSON, AND XML FILES",4,Step 3: Write the New CSV File,https://automatetheboringstuff.com/3e/chapter18.html#calibre_link-1963
18,"18 CSV, JSON, AND XML FILES",4,Ideas for Similar Programs,https://automatetheboringstuff.com/3e/chapter18.html#calibre_link-1964
18,"18 CSV, JSON, AND XML FILES",3,Versatile Plaintext Formats,https://automatetheboringstuff.com/3e/chapter18.html#calibre_link-1965
18,"18 CSV, JSON, AND XML FILES",4,JSON,https://automatetheboringstuff.com/3e/chapter18.html#calibre_link-1966
18,"18 CSV, JSON, AND XML FILES",5,Reading JSON Data,https://automatetheboringstuff.com/3e/chapter18.html#calibre_link-1967
18,"18 CSV, JSON, AND XML FILES",5,Writing JSON Data,https://automatetheboringstuff.com/3e/chapter18.html#calibre_link-1968
18,"18 CSV, JSON, AND XML FILES",4,XML,https://automatetheboringstuff.com/3e/chapter18.html#calibre_link-1969
18,"18 CSV, JSON, AND XML FILES",5,Reading XML Files,https://automatetheboringstuff.com/3e/chapter18.html#calibre_link-1970
18,"18 CSV, JSON, AND XML FILES",5,Writing XML Files,https://automatetheboringstuff.com/3e/chapter18.html#calibre_link-1971
18,"18 CSV, JSON, AND XML FILES",3,Summary,https://automatetheboringstuff.com/3e/chapter18.html#calibre_link-1972
18,"18 CSV, JSON, AND XML FILES",3,Practice Questions,https://automatetheboringstuff.com/3e/chapter18.html#calibre_link-1973
18,"18 CSV, JSON, AND XML FILES",3,Practice Program: Excel-to-CSV Converter,https://automatetheboringstuff.com/3e/chapter18.html#calibre_link-1974
19,"19 KEEPING TIME, SCHEDULING TASKS, AND LAUNCHING PROGRAMS",2,"19 KEEPING TIME, SCHEDULING TASKS, AND LAUNCHING PROGRAMS",https://automatetheboringstuff.com/3e/chapter19.html#calibre_link-1977
19,"19 KEEPING TIME, SCHEDULING TASKS, AND LAUNCHING PROGRAMS",3,The time Module,https://automatetheboringstuff.com/3e/chapter19.html#calibre_link-1978
19,"19 KEEPING TIME, SCHEDULING TASKS, AND LAUNCHING PROGRAMS",4,Returning the Epoch Timestamp,https://automatetheboringstuff.com/3e/chapter19.html#calibre_link-1979
19,"19 KEEPING TIME, SCHEDULING TASKS, AND LAUNCHING PROGRAMS",4,Pausing Programs,https://automatetheboringstuff.com/3e/chapter19.html#calibre_link-1980
19,"19 KEEPING TIME, SCHEDULING TASKS, AND LAUNCHING PROGRAMS",4,Step 1: Set Up the Program to Track Times,https://automatetheboringstuff.com/3e/chapter19.html#calibre_link-1981
19,"19 KEEPING TIME, SCHEDULING TASKS, AND LAUNCHING PROGRAMS",4,Step 2: Track and Print Lap Times,https://automatetheboringstuff.com/3e/chapter19.html#calibre_link-1982
19,"19 KEEPING TIME, SCHEDULING TASKS, AND LAUNCHING PROGRAMS",4,Ideas for Similar Programs,https://automatetheboringstuff.com/3e/chapter19.html#calibre_link-1983
19,"19 KEEPING TIME, SCHEDULING TASKS, AND LAUNCHING PROGRAMS",3,The datetime Module,https://automatetheboringstuff.com/3e/chapter19.html#calibre_link-1984
19,"19 KEEPING TIME, SCHEDULING TASKS, AND LAUNCHING PROGRAMS",4,Representing Duration,https://automatetheboringstuff.com/3e/chapter19.html#calibre_link-1985
19,"19 KEEPING TIME, SCHEDULING TASKS, AND LAUNCHING PROGRAMS",4,Pausing Until a Specific Date,https://automatetheboringstuff.com/3e/chapter19.html#calibre_link-1986
19,"19 KEEPING TIME, SCHEDULING TASKS, AND LAUNCHING PROGRAMS",4,Converting datetime Objects into Strings,https://automatetheboringstuff.com/3e/chapter19.html#calibre_link-1987
19,"19 KEEPING TIME, SCHEDULING TASKS, AND LAUNCHING PROGRAMS",4,Converting Strings into datetime Objects,https://automatetheboringstuff.com/3e/chapter19.html#calibre_link-1988
19,"19 KEEPING TIME, SCHEDULING TASKS, AND LAUNCHING PROGRAMS",3,Launching Other Programs from Python,https://automatetheboringstuff.com/3e/chapter19.html#calibre_link-1990
19,"19 KEEPING TIME, SCHEDULING TASKS, AND LAUNCHING PROGRAMS",4,Passing Command Line Arguments to Processes,https://automatetheboringstuff.com/3e/chapter19.html#calibre_link-1991
19,"19 KEEPING TIME, SCHEDULING TASKS, AND LAUNCHING PROGRAMS",4,Receiving Output Text from Launched Commands,https://automatetheboringstuff.com/3e/chapter19.html#calibre_link-1992
19,"19 KEEPING TIME, SCHEDULING TASKS, AND LAUNCHING PROGRAMS",4,"Running Task Scheduler, launchd, and cron",https://automatetheboringstuff.com/3e/chapter19.html#calibre_link-1993
19,"19 KEEPING TIME, SCHEDULING TASKS, AND LAUNCHING PROGRAMS",4,Opening Files with Default Applications,https://automatetheboringstuff.com/3e/chapter19.html#calibre_link-1994
19,"19 KEEPING TIME, SCHEDULING TASKS, AND LAUNCHING PROGRAMS",4,Step 1: Count Down,https://automatetheboringstuff.com/3e/chapter19.html#calibre_link-1995
19,"19 KEEPING TIME, SCHEDULING TASKS, AND LAUNCHING PROGRAMS",4,Step 2: Play the Sound File,https://automatetheboringstuff.com/3e/chapter19.html#calibre_link-1997
19,"19 KEEPING TIME, SCHEDULING TASKS, AND LAUNCHING PROGRAMS",4,Ideas for Similar Programs,https://automatetheboringstuff.com/3e/chapter19.html
19,"19 KEEPING TIME, SCHEDULING TASKS, AND LAUNCHING PROGRAMS",3,Summary,https://automatetheboringstuff.com/3e/chapter19.html#calibre_link-1999
19,"19 KEEPING TIME, SCHEDULING TASKS, AND LAUNCHING PROGRAMS",3,Practice Questions,https://automatetheboringstuff.com/3e/chapter19.html#calibre_link-2000
19,"19 KEEPING TIME, SCHEDULING TASKS, AND LAUNCHING PROGRAMS",3,Practice Programs,https://automatetheboringstuff.com/3e/chapter19.html#calibre_link-2001
19,"19 KEEPING TIME, SCHEDULING TASKS, AND LAUNCHING PROGRAMS",4,Prettified Stopwatch,https://automatetheboringstuff.com/3e/chapter19.html#calibre_link-2002
19,"19 KEEPING TIME, SCHEDULING TASKS, AND LAUNCHING PROGRAMS",4,Friday the 13th Finder,https://automatetheboringstuff.com/3e/chapter19.html#calibre_link-2003
20,"20 SENDING EMAIL, TEXTS, AND PUSH NOTIFICATIONS",2,"20 SENDING EMAIL, TEXTS, AND PUSH NOTIFICATIONS",https://automatetheboringstuff.com/3e/chapter20.html#calibre_link-2005
20,"20 SENDING EMAIL, TEXTS, AND PUSH NOTIFICATIONS",3,The Gmail API,https://automatetheboringstuff.com/3e/chapter20.html#calibre_link-2006
20,"20 SENDING EMAIL, TEXTS, AND PUSH NOTIFICATIONS",4,Enabling the API,https://automatetheboringstuff.com/3e/chapter20.html#calibre_link-2007
20,"20 SENDING EMAIL, TEXTS, AND PUSH NOTIFICATIONS",4,Sending Mail,https://automatetheboringstuff.com/3e/chapter20.html#calibre_link-2008
20,"20 SENDING EMAIL, TEXTS, AND PUSH NOTIFICATIONS",4,Reading Mail,https://automatetheboringstuff.com/3e/chapter20.html#calibre_link-2009
20,"20 SENDING EMAIL, TEXTS, AND PUSH NOTIFICATIONS",4,Searching for Mail,https://automatetheboringstuff.com/3e/chapter20.html#calibre_link-2010
20,"20 SENDING EMAIL, TEXTS, AND PUSH NOTIFICATIONS",4,Downloading Attachments,https://automatetheboringstuff.com/3e/chapter20.html#calibre_link-2011
20,"20 SENDING EMAIL, TEXTS, AND PUSH NOTIFICATIONS",3,SMS Email Gateways,https://automatetheboringstuff.com/3e/chapter20.html#calibre_link-2012
20,"20 SENDING EMAIL, TEXTS, AND PUSH NOTIFICATIONS",3,Push Notifications,https://automatetheboringstuff.com/3e/chapter20.html#calibre_link-2013
20,"20 SENDING EMAIL, TEXTS, AND PUSH NOTIFICATIONS",4,Sending Notifications,https://automatetheboringstuff.com/3e/chapter20.html#calibre_link-2014
20,"20 SENDING EMAIL, TEXTS, AND PUSH NOTIFICATIONS",4,Transmitting Metadata,https://automatetheboringstuff.com/3e/chapter20.html#calibre_link-2015
20,"20 SENDING EMAIL, TEXTS, AND PUSH NOTIFICATIONS",4,Receiving Notifications,https://automatetheboringstuff.com/3e/chapter20.html#calibre_link-2016
20,"20 SENDING EMAIL, TEXTS, AND PUSH NOTIFICATIONS",3,Summary,https://automatetheboringstuff.com/3e/chapter20.html#calibre_link-2018
20,"20 SENDING EMAIL, TEXTS, AND PUSH NOTIFICATIONS",3,Practice Questions,https://automatetheboringstuff.com/3e/chapter20.html#calibre_link-2019
20,"20 SENDING EMAIL, TEXTS, AND PUSH NOTIFICATIONS",3,Practice Programs,https://automatetheboringstuff.com/3e/chapter20.html#calibre_link-2020
20,"20 SENDING EMAIL, TEXTS, AND PUSH NOTIFICATIONS",4,Umbrella Reminder,https://automatetheboringstuff.com/3e/chapter20.html#calibre_link-2021
20,"20 SENDING EMAIL, TEXTS, AND PUSH NOTIFICATIONS",4,Auto Unsubscriber,https://automatetheboringstuff.com/3e/chapter20.html#calibre_link-2022
20,"20 SENDING EMAIL, TEXTS, AND PUSH NOTIFICATIONS",4,Email-Based Computer Control,https://automatetheboringstuff.com/3e/chapter20.html#calibre_link-2023
21,21 MAKING GRAPHS AND MANIPULATING IMAGES,2,21 MAKING GRAPHS AND MANIPULATING IMAGES,https://automatetheboringstuff.com/3e/chapter21.html#calibre_link-2025
21,21 MAKING GRAPHS AND MANIPULATING IMAGES,3,Computer Image Fundamentals,https://automatetheboringstuff.com/3e/chapter21.html#calibre_link-2026
21,21 MAKING GRAPHS AND MANIPULATING IMAGES,4,Colors and RGBA Values,https://automatetheboringstuff.com/3e/chapter21.html#calibre_link-2027
21,21 MAKING GRAPHS AND MANIPULATING IMAGES,4,Coordinates and Box Tuples,https://automatetheboringstuff.com/3e/chapter21.html#calibre_link-2028
21,21 MAKING GRAPHS AND MANIPULATING IMAGES,3,Manipulating Images with Pillow,https://automatetheboringstuff.com/3e/chapter21.html#calibre_link-2029
21,21 MAKING GRAPHS AND MANIPULATING IMAGES,4,Working with the Image Data Type,https://automatetheboringstuff.com/3e/chapter21.html#calibre_link-2031
21,21 MAKING GRAPHS AND MANIPULATING IMAGES,4,Cropping Images,https://automatetheboringstuff.com/3e/chapter21.html#calibre_link-2032
21,21 MAKING GRAPHS AND MANIPULATING IMAGES,4,Pasting Images onto Other Images,https://automatetheboringstuff.com/3e/chapter21.html#calibre_link-2033
21,21 MAKING GRAPHS AND MANIPULATING IMAGES,4,Resizing Images,https://automatetheboringstuff.com/3e/chapter21.html#calibre_link-2034
21,21 MAKING GRAPHS AND MANIPULATING IMAGES,4,Rotating and Flipping Images,https://automatetheboringstuff.com/3e/chapter21.html#calibre_link-2035
21,21 MAKING GRAPHS AND MANIPULATING IMAGES,4,Changing Individual Pixels,https://automatetheboringstuff.com/3e/chapter21.html#calibre_link-2036
21,21 MAKING GRAPHS AND MANIPULATING IMAGES,4,Step 1: Open the Logo Image,https://automatetheboringstuff.com/3e/chapter21.html#calibre_link-2038
21,21 MAKING GRAPHS AND MANIPULATING IMAGES,4,Step 2: Loop Over All Files,https://automatetheboringstuff.com/3e/chapter21.html#calibre_link-2040
21,21 MAKING GRAPHS AND MANIPULATING IMAGES,4,Step 3: Resize the Images,https://automatetheboringstuff.com/3e/chapter21.html#calibre_link-2041
21,21 MAKING GRAPHS AND MANIPULATING IMAGES,4,Step 4: Add the Logo and Save the Changes,https://automatetheboringstuff.com/3e/chapter21.html#calibre_link-2043
21,21 MAKING GRAPHS AND MANIPULATING IMAGES,4,Ideas for Similar Programs,https://automatetheboringstuff.com/3e/chapter21.html#calibre_link-2045
21,21 MAKING GRAPHS AND MANIPULATING IMAGES,3,Drawing on Images,https://automatetheboringstuff.com/3e/chapter21.html#calibre_link-2046
21,21 MAKING GRAPHS AND MANIPULATING IMAGES,4,Shapes,https://automatetheboringstuff.com/3e/chapter21.html#calibre_link-2047
21,21 MAKING GRAPHS AND MANIPULATING IMAGES,5,Points,https://automatetheboringstuff.com/3e/chapter21.html#calibre_link-2048
21,21 MAKING GRAPHS AND MANIPULATING IMAGES,5,Lines,https://automatetheboringstuff.com/3e/chapter21.html#calibre_link-2049
21,21 MAKING GRAPHS AND MANIPULATING IMAGES,5,Rectangles,https://automatetheboringstuff.com/3e/chapter21.html#calibre_link-2050
21,21 MAKING GRAPHS AND MANIPULATING IMAGES,5,Ellipses,https://automatetheboringstuff.com/3e/chapter21.html#calibre_link-2051
21,21 MAKING GRAPHS AND MANIPULATING IMAGES,5,Polygons,https://automatetheboringstuff.com/3e/chapter21.html#calibre_link-2052
21,21 MAKING GRAPHS AND MANIPULATING IMAGES,5,A Drawing Example,https://automatetheboringstuff.com/3e/chapter21.html#calibre_link-2053
21,21 MAKING GRAPHS AND MANIPULATING IMAGES,4,Text,https://automatetheboringstuff.com/3e/chapter21.html#calibre_link-2054
21,21 MAKING GRAPHS AND MANIPULATING IMAGES,3,Copying and Pasting Images to the Clipboard,https://automatetheboringstuff.com/3e/chapter21.html#calibre_link-2055
21,21 MAKING GRAPHS AND MANIPULATING IMAGES,3,Creating Graphs with Matplotlib,https://automatetheboringstuff.com/3e/chapter21.html#calibre_link-2056
21,21 MAKING GRAPHS AND MANIPULATING IMAGES,4,Line Graphs and Scatter Plots,https://automatetheboringstuff.com/3e/chapter21.html#calibre_link-2057
21,21 MAKING GRAPHS AND MANIPULATING IMAGES,4,Bar Graphs and Pie Charts,https://automatetheboringstuff.com/3e/chapter21.html#calibre_link-2058
21,21 MAKING GRAPHS AND MANIPULATING IMAGES,4,Additional Components,https://automatetheboringstuff.com/3e/chapter21.html#calibre_link-2059
21,21 MAKING GRAPHS AND MANIPULATING IMAGES,3,Summary,https://automatetheboringstuff.com/3e/chapter21.html#calibre_link-2061
21,21 MAKING GRAPHS AND MANIPULATING IMAGES,3,Practice Questions,https://automatetheboringstuff.com/3e/chapter21.html#calibre_link-2063
21,21 MAKING GRAPHS AND MANIPULATING IMAGES,3,Practice Programs,https://automatetheboringstuff.com/3e/chapter21.html#calibre_link-2064
21,21 MAKING GRAPHS AND MANIPULATING IMAGES,4,Tile Maker,https://automatetheboringstuff.com/3e/chapter21.html#calibre_link-2065
21,21 MAKING GRAPHS AND MANIPULATING IMAGES,4,Identifying Photo Folders on the Hard Drive,https://automatetheboringstuff.com/3e/chapter21.html#calibre_link-2066
21,21 MAKING GRAPHS AND MANIPULATING IMAGES,4,Creating Custom Seating Cards,https://automatetheboringstuff.com/3e/chapter21.html#calibre_link-2067
22,22 RECOGNIZING TEXT IN IMAGES,2,22 RECOGNIZING TEXT IN IMAGES,https://automatetheboringstuff.com/3e/chapter22.html#calibre_link-2068
22,22 RECOGNIZING TEXT IN IMAGES,3,Installing Tesseract and PyTesseract,https://automatetheboringstuff.com/3e/chapter22.html#calibre_link-2069
22,22 RECOGNIZING TEXT IN IMAGES,4,Windows,https://automatetheboringstuff.com/3e/chapter22.html#calibre_link-2070
22,22 RECOGNIZING TEXT IN IMAGES,4,macOS,https://automatetheboringstuff.com/3e/chapter22.html#calibre_link-2071
22,22 RECOGNIZING TEXT IN IMAGES,4,Linux,https://automatetheboringstuff.com/3e/chapter22.html#calibre_link-2072
22,22 RECOGNIZING TEXT IN IMAGES,4,PyTesseract,https://automatetheboringstuff.com/3e/chapter22.html#calibre_link-2073
22,22 RECOGNIZING TEXT IN IMAGES,3,OCR Fundamentals,https://automatetheboringstuff.com/3e/chapter22.html#calibre_link-2074
22,22 RECOGNIZING TEXT IN IMAGES,4,Preprocessing an Image,https://automatetheboringstuff.com/3e/chapter22.html#calibre_link-2075
22,22 RECOGNIZING TEXT IN IMAGES,4,Fixing Mistakes Using Large Language Models,https://automatetheboringstuff.com/3e/chapter22.html#calibre_link-2076
22,22 RECOGNIZING TEXT IN IMAGES,3,Recognizing Text in Non-English Languages,https://automatetheboringstuff.com/3e/chapter22.html#calibre_link-2077
22,22 RECOGNIZING TEXT IN IMAGES,3,The NAPS2 Scanner Application,https://automatetheboringstuff.com/3e/chapter22.html#calibre_link-2078
22,22 RECOGNIZING TEXT IN IMAGES,4,Installing and Setting Up NAPS2,https://automatetheboringstuff.com/3e/chapter22.html#calibre_link-2079
22,22 RECOGNIZING TEXT IN IMAGES,4,Running NAPS2 from Python,https://automatetheboringstuff.com/3e/chapter22.html#calibre_link-2080
22,22 RECOGNIZING TEXT IN IMAGES,4,Specifying Input,https://automatetheboringstuff.com/3e/chapter22.html#calibre_link-2082
22,22 RECOGNIZING TEXT IN IMAGES,3,Summary,https://automatetheboringstuff.com/3e/chapter22.html#calibre_link-2083
22,22 RECOGNIZING TEXT IN IMAGES,3,Practice Questions,https://automatetheboringstuff.com/3e/chapter22.html#calibre_link-2084
22,22 RECOGNIZING TEXT IN IMAGES,3,Practice Program: Browser Text Scraper,https://automatetheboringstuff.com/3e/chapter22.html#calibre_link-2085
23,23 CONTROLLING THE KEYBOARD AND MOUSE,2,23 CONTROLLING THE KEYBOARD AND MOUSE,https://automatetheboringstuff.com/3e/chapter23.html#calibre_link-2089
23,23 CONTROLLING THE KEYBOARD AND MOUSE,3,Setting Up Accessibility Apps on macOS,https://automatetheboringstuff.com/3e/chapter23.html#calibre_link-2090
23,23 CONTROLLING THE KEYBOARD AND MOUSE,3,Staying on Track,https://automatetheboringstuff.com/3e/chapter23.html#calibre_link-2091
23,23 CONTROLLING THE KEYBOARD AND MOUSE,4,Pauses and Fail-Safes,https://automatetheboringstuff.com/3e/chapter23.html#calibre_link-2092
23,23 CONTROLLING THE KEYBOARD AND MOUSE,4,Logouts,https://automatetheboringstuff.com/3e/chapter23.html#calibre_link-2093
23,23 CONTROLLING THE KEYBOARD AND MOUSE,3,Controlling Mouse Movement,https://automatetheboringstuff.com/3e/chapter23.html#calibre_link-2094
23,23 CONTROLLING THE KEYBOARD AND MOUSE,4,Moving the Mouse,https://automatetheboringstuff.com/3e/chapter23.html#calibre_link-2095
23,23 CONTROLLING THE KEYBOARD AND MOUSE,4,Getting the Current Position,https://automatetheboringstuff.com/3e/chapter23.html#calibre_link-2096
23,23 CONTROLLING THE KEYBOARD AND MOUSE,3,Controlling Mouse Interaction,https://automatetheboringstuff.com/3e/chapter23.html#calibre_link-2097
23,23 CONTROLLING THE KEYBOARD AND MOUSE,4,Clicking,https://automatetheboringstuff.com/3e/chapter23.html#calibre_link-2098
23,23 CONTROLLING THE KEYBOARD AND MOUSE,4,Dragging,https://automatetheboringstuff.com/3e/chapter23.html#calibre_link-2099
23,23 CONTROLLING THE KEYBOARD AND MOUSE,4,Scrolling,https://automatetheboringstuff.com/3e/chapter23.html#calibre_link-2100
23,23 CONTROLLING THE KEYBOARD AND MOUSE,3,Planning Your Mouse Movements,https://automatetheboringstuff.com/3e/chapter23.html#calibre_link-2101
23,23 CONTROLLING THE KEYBOARD AND MOUSE,3,Taking Screenshots,https://automatetheboringstuff.com/3e/chapter23.html#calibre_link-2102
23,23 CONTROLLING THE KEYBOARD AND MOUSE,3,Image Recognition,https://automatetheboringstuff.com/3e/chapter23.html#calibre_link-2103
23,23 CONTROLLING THE KEYBOARD AND MOUSE,3,Getting Window Information,https://automatetheboringstuff.com/3e/chapter23.html#calibre_link-2104
23,23 CONTROLLING THE KEYBOARD AND MOUSE,4,Obtaining the Active Window,https://automatetheboringstuff.com/3e/chapter23.html#calibre_link-2105
23,23 CONTROLLING THE KEYBOARD AND MOUSE,4,Finding Windows with Other Functions,https://automatetheboringstuff.com/3e/chapter23.html#calibre_link-2106
23,23 CONTROLLING THE KEYBOARD AND MOUSE,4,Manipulating Windows,https://automatetheboringstuff.com/3e/chapter23.html#calibre_link-2107
23,23 CONTROLLING THE KEYBOARD AND MOUSE,3,Controlling the Keyboard,https://automatetheboringstuff.com/3e/chapter23.html#calibre_link-2109
23,23 CONTROLLING THE KEYBOARD AND MOUSE,4,Sending Key Press Strings,https://automatetheboringstuff.com/3e/chapter23.html#calibre_link-2110
23,23 CONTROLLING THE KEYBOARD AND MOUSE,4,Specifying Key Names,https://automatetheboringstuff.com/3e/chapter23.html#calibre_link-2111
23,23 CONTROLLING THE KEYBOARD AND MOUSE,4,Pressing and Releasing the Keyboard,https://automatetheboringstuff.com/3e/chapter23.html#calibre_link-2112
23,23 CONTROLLING THE KEYBOARD AND MOUSE,4,Running Hotkey Combinations,https://automatetheboringstuff.com/3e/chapter23.html#calibre_link-2113
23,23 CONTROLLING THE KEYBOARD AND MOUSE,3,Setting Up GUI Automation Scripts,https://automatetheboringstuff.com/3e/chapter23.html#calibre_link-2114
23,23 CONTROLLING THE KEYBOARD AND MOUSE,3,Displaying Message Boxes,https://automatetheboringstuff.com/3e/chapter23.html#calibre_link-2116
23,23 CONTROLLING THE KEYBOARD AND MOUSE,3,Summary,https://automatetheboringstuff.com/3e/chapter23.html#calibre_link-2117
23,23 CONTROLLING THE KEYBOARD AND MOUSE,3,Practice Questions,https://automatetheboringstuff.com/3e/chapter23.html#calibre_link-2119
23,23 CONTROLLING THE KEYBOARD AND MOUSE,3,Practice Programs,https://automatetheboringstuff.com/3e/chapter23.html#calibre_link-2120
23,23 CONTROLLING THE KEYBOARD AND MOUSE,4,Looking Busy,https://automatetheboringstuff.com/3e/chapter23.html#calibre_link-2121
23,23 CONTROLLING THE KEYBOARD AND MOUSE,4,Reading Text Fields with the Clipboard,https://automatetheboringstuff.com/3e/chapter23.html#calibre_link-2122
23,23 CONTROLLING THE KEYBOARD AND MOUSE,4,Writing a Game-Playing Bot,https://automatetheboringstuff.com/3e/chapter23.html#calibre_link-2123
24,24 TEXT-TO-SPEECH AND SPEECH RECOGNITION ENGINES,2,24 TEXT-TO-SPEECH AND SPEECH RECOGNITION ENGINES,https://automatetheboringstuff.com/3e/chapter24.html#calibre_link-2125
24,24 TEXT-TO-SPEECH AND SPEECH RECOGNITION ENGINES,3,Text-to-Speech Engine,https://automatetheboringstuff.com/3e/chapter24.html#calibre_link-2126
24,24 TEXT-TO-SPEECH AND SPEECH RECOGNITION ENGINES,4,Generating Speech,https://automatetheboringstuff.com/3e/chapter24.html#calibre_link-2127
24,24 TEXT-TO-SPEECH AND SPEECH RECOGNITION ENGINES,4,Saving Speech Audio to WAV Files,https://automatetheboringstuff.com/3e/chapter24.html#calibre_link-2128
24,24 TEXT-TO-SPEECH AND SPEECH RECOGNITION ENGINES,3,Speech Recognition,https://automatetheboringstuff.com/3e/chapter24.html#calibre_link-2129
24,24 TEXT-TO-SPEECH AND SPEECH RECOGNITION ENGINES,3,Creating Subtitle Files,https://automatetheboringstuff.com/3e/chapter24.html#calibre_link-2130
24,24 TEXT-TO-SPEECH AND SPEECH RECOGNITION ENGINES,3,Downloading Videos from Websites,https://automatetheboringstuff.com/3e/chapter24.html#calibre_link-2131
24,24 TEXT-TO-SPEECH AND SPEECH RECOGNITION ENGINES,3,Summary,https://automatetheboringstuff.com/3e/chapter24.html#calibre_link-2132
24,24 TEXT-TO-SPEECH AND SPEECH RECOGNITION ENGINES,3,Practice Questions,https://automatetheboringstuff.com/3e/chapter24.html#calibre_link-2133
24,24 TEXT-TO-SPEECH AND SPEECH RECOGNITION ENGINES,3,Practice Programs,https://automatetheboringstuff.com/3e/chapter24.html#calibre_link-2134
24,24 TEXT-TO-SPEECH AND SPEECH RECOGNITION ENGINES,4,Adding Voice to Guess the Number,https://automatetheboringstuff.com/3e/chapter24.html#calibre_link-2135
24,24 TEXT-TO-SPEECH AND SPEECH RECOGNITION ENGINES,4,Singing “99 Bottles of Beer”,https://automatetheboringstuff.com/3e/chapter24.html#calibre_link-2136
24,24 TEXT-TO-SPEECH AND SPEECH RECOGNITION ENGINES,4,YouTube Transcriber,https://automatetheboringstuff.com/3e/chapter24.html#calibre_link-2137
